Context,Question,Answers
"Chi tiết thủ tục hành chính:
Mã thủ tục:
1.002550
Số quyết định:
1671/QĐ-BGTVT
Tên thủ tục:
Đăng ký tàu biển loại nhỏ
Cấp thực hiện:
Cấp Bộ
Loại thủ tục:
TTHC được luật giao quy định chi tiết
Lĩnh vực:
Hàng Hải
Trình tự thực hiện:
a) Nộp hồ sơ TTHC
- Tổ chức, cá nhân gửi hồ sơ đăng ký tàu biển (hoặc tàu công vụ, tàu ngầm, tàu lặn, kho chứa nổi và giàn di động) loại nhỏ đến Cơ quan đăng ký tàu biển.
- Cơ quan đăng ký tàu biển gồm:
	+ Cục Hàng hải Việt Nam thực hiện chức năng của cơ quan đăng ký tàu biển Việt Nam.
	+Các Chi cục hàng hải, Cảng vụ hàng hải thực hiện nhiệm vụ đăng ký tàu biển theo phân cấp của Cục Hàng hải Việt Nam.
b) Giải quyết TTHC
Cơ quan đăng ký tàu biển tiếp nhận hồ sơ, thực hiện theo quy trình sau:
	+ Trường hợp nộp hồ sơ trực tiếp, nếu hồ sơ chưa hợp lệ thì hướng dẫn ngay cho tổ chức, cá nhân hoàn thiện hồ sơ; nếu hồ sơ hợp lệ thì vào sổ theo dõi, cấp giấy biên nhận hồ sơ và hẹn trả kết quả đúng thời gian quy định;
	+ Trường hợp nhận hồ sơ qua đường bưu chính, nếu hồ sơ không hợp lệ, chậm nhất 02 ngày làm việc, kể từ ngày nhận hồ sơ, cơ quan đăng ký tàu biển hướng dẫn hoàn thiện hồ sơ theo quy định;
	+ Chậm nhất 02 ngày làm việc, kể từ ngày nhận đủ hồ sơ hợp lệ, cơ quan đăng ký tàu biển cấp giấy chứng nhận đăng ký tàu biển và trả trực tiếp hoặc gửi qua hệ thống bưu chính; trường hợp không cấp giấy chứng nhận phải trả lời bằng văn bản nêu rõ lý do.
Cách thức thực hiện:
|Hình thức nộp|Thời hạn giải quyết|Phí, lệ phí|Mô tả|
|--|--|--|-|
|Trực tiếp|2 Ngày làm việc|Lệ phí : Lệ phí: đối với tàu có tổng dung tích đăng ký dưới 500 GT là 3.000 đồng/GT-lần (mức thu tối thiểu không dưới 300.000 đồng) Chủ tàu nộp lệ phí đăng ký tàu biển trực tiếp hoặc chuyển vào tài khoản của cơ quan đăng ký tàu biển trước khi nhận kết quả; chịu toàn bộ chi phí gửi hồ sơ, văn bản và các chi phí liên quan đến chuyển khoản.|Chậm nhất 02 ngày làm việc, kể từ ngày nhận đủ hồ sơ hợp lệ|
|Dịch vụ bưu chính|2 Ngày làm việc|Lệ phí : đối với tàu có tổng dung tích đăng ký dưới 500 GT là 3.000 đồng/GT-lần (mức thu tối thiểu không dưới 300.000 đồng) Chủ tàu nộp lệ phí đăng ký tàu biển trực tiếp hoặc chuyển vào tài khoản của cơ quan đăng ký tàu biển trước khi nhận kết quả; chịu toàn bộ chi phí gửi hồ sơ, văn bản và các chi phí liên quan đến chuyển khoản.|Chậm nhất 02 ngày làm việc, kể từ ngày nhận đủ hồ sơ hợp lệ.|

Thành phần hồ sơ:

Bao gồm
- 01 Bản chính Tờ khai đăng ký tàu biển theo mẫu ([08.1TK.doc](https://csdl.dichvucong.gov.vn/web/jsp/download_file.jsp?ma='3fe3917b783427fd'))
- 01 Bản chính Giấy chứng nhận xóa đăng ký tàu biển hoặc Giấy chứng nhận xóa đăng ký phương tiện thủy nội địa đối với phương tiện thủy nội địa cấp VR-SB (bản chính) đã qua sử dụng hoặc biên bản bàn giao tàu đối với tàu biển đóng mới (bản chính); ([GCN xóa ĐK.docx](https://csdl.dichvucong.gov.vn/web/jsp/download_file.jsp?ma='3fee8743d8fedef3'))
- 01 Bản chính Hợp đồng mua, bán tàu biển hoặc hợp đồng đóng mới tàu biển hoặc các bằng chứng khác có giá trị pháp lý tương đương chứng minh quyền sở hữu đối với tàu biển (bản chính, kèm bản dịch công chứng nếu hợp đồng viết bằng ngôn ngữ nước ngoài);
- 01 Bản sao Chứng từ chứng minh đã nộp lệ phí trước bạ theo quy định, gồm Tờ khai lệ phí trước bạ có xác nhận của cơ quan thuế và chứng từ nộp tiền vào ngân sách nhà nước (bản sao kèm bản chính để đối chiếu); trường hợp tàu biển là đối tượng không phải nộp lệ phí trước bạ thì nộp tờ khai lệ phí trước bạ có xác nhận của cơ quan thuế (bản sao kèm bản chính để đối chiếu);
- 01 Bản sao Giấy chứng nhận đăng ký kinh doanh hoặc Giấy chứng nhận đăng ký doanh nghiệp hoặc Giấy chứng nhận đăng ký hợp tác xã, liên hiệp hợp tác xã (bản sao có chứng thực hoặc bản sao kèm bản chính để đối chiếu); trường hợp chủ tàu là tổ chức nước ngoài thì nộp giấy phép thành lập chi nhánh hoặc văn phòng đại diện tại Việt Nam (bản sao có chứng thực hoặc bản sao kèm bản chính để đối chiếu);
- 01 Bản sao Trường hợp chủ tàu là cá nhân phải nộp thêm giấy chứng minh nhân dân hoặc căn cước công dân hoặc hộ chiếu (bản sao có chứng thực hoặc bản sao kèm bản chính để đối chiếu); trường hợp chủ tàu là cá nhân người nước ngoài thì nộp hộ chiếu (bản sao có chứng thực hoặc bản sao kèm bản chính để đối chiếu);
- 01 Bản sao Giấy chứng nhận an toàn kỹ thuật và bảo vệ môi trường tàu biển (bản sao có chứng thực hoặc bản sao kèm bản chính để đối chiếu).
- 01 Bản sao Trường hợp đăng ký tàu biển công vụ, chủ tàu nộp Quyết định thành lập cơ quan, đơn vị của cấp có thẩm quyền (bản sao có chứng thực hoặc bản sao kèm bản chính để đối chiếu) thay Giấy chứng nhận đăng ký kinh doanh hoặc Giấy chứng nhận đăng ký doanh nghiệp hoặc Giấy chứng nhận đăng ký hợp tác xã, liên hiệp hợp tác xã (bản sao có chứng thực hoặc bản sao kèm bản chính để đối chiếu).

Đối tượng thực hiện:
Công dân Việt Nam, Người Việt Nam định cư ở nước ngoài, Người nước ngoài, Doanh nghiệp, Tổ chức (không bao gồm doanh nghiệp, HTX), Tổ chức nước ngoài, Hợp tác xã
Cơ quan thực hiện:
Cục Hàng hải Việt Nam, Cảng vụ hàng hải, Chi cục Hàng hải
Cơ quan có thẩm quyền:
Không có thông tin
Địa chỉ tiếp nhận HS:
Cơ quan đăng ký tàu biển
Cơ quan được ủy quyền:
Không có thông tin
Cơ quan phối hợp:
Không có thông tin
Kết quả thực hiện:
Giấy chứng nhận đăng ký tàu biển loại nhỏ
Căn cứ pháp lý:
|Số ký hiệu|Trích yếu|Ngày ban hành|Cơ quan ban hành|
|--|--|--|-|
|189/2016/TT-BTC|Quy định mức thu, chế độ thu, nộp, quản lý và sử dụng phí, lệ phí trong hoạt động chuyên ngành hàng hải|08-11-2016|Bộ Tài chính|
|171/2016/NĐ-CP|Về đăng ký, xóa đăng ký và mua, bán, đóng mới tàu biển|27-12-2016|Chính phủ|
|86/2020/NĐ-CP|Nghị định 86/2020/NĐ-CP|23-07-2020||

Yêu cầu, điều kiện thực hiện:
Đăng ký tàu biển loại nhỏ là việc đăng ký tàu biển có động cơ với công suất máy chính dưới 75 kW hoặc tàu biển không có động cơ nhưng có tổng dung tích dưới 50 hoặc có tổng trọng tải dưới 100 tấn hoặc có chiều dài đường nước thiết kế dưới 20 mét và đáp ứng điều kiện sau:
a) Tuổi của tàu biển, tàu ngầm, tàu lặn, kho chứa nổi, giàn di động mang cờ quốc tịch nước ngoài đã qua sử dụng đăng ký lần đầu tại Việt Nam được thực hiện theo quy định sau:
- Tàu khách, tàu ngầm, tàu lặn: Không quá 10 năm;
- Các loại tàu biển khác, kho chứa nổi, giàn di động: Không quá 15 năm;
- Trường hợp đặc biệt do Bộ trưởng Bộ Giao thông vận tải quyết định nhưng không quá 20 năm và chỉ áp dụng đối với các loại tàu: Chở hóa chất, chở khí hóa lỏng, chở dầu hoặc kho chứa nổi;
b) Giới hạn về tuổi tàu biển quy định tại mục a không áp dụng đối với tàu biển mang cờ quốc tịch nước ngoài, thuộc sở hữu của tổ chức, cá nhân nước ngoài được bán đấu giá tại Việt Nam theo quyết định cưỡng chế của cơ quan có thẩm quyền;
c) Giới hạn về tuổi tàu biển quy định tại mục a không áp dụng trong trường hợp tàu biển mang cờ quốc tịch Việt Nam và thuộc sở hữu của tổ chức, cá nhân Việt Nam đã xóa đăng ký quốc tịch Việt Nam để đăng ký mang cờ quốc tịch nước ngoài theo hình thức cho thuê tàu trần;
d) Tàu biển mang cờ quốc tịch nước ngoài do tổ chức, cá nhân Việt Nam mua theo phương thức vay mua hoặc thuê mua thì sau thời hạn đăng ký mang cờ quốc tịch nước ngoài được đăng ký mang cờ quốc tịch Việt Nam nếu tại thời điểm ký kết hợp đồng vay mua, thuê mua có tuổi tàu phù hợp với quy định tại mục a.
Đăng ký tàu biển loại nhỏ là việc đăng ký tàu biển có động cơ với công suất máy chính dưới 75 kW hoặc tàu biển không có động cơ nhưng có tổng dung tích dưới 50 hoặc có tổng trọng tải dưới 100 tấn hoặc có chiều dài đường nước thiết kế dưới 20 mét và đáp ứng điều kiện sau:
a) Tuổi của tàu biển, tàu ngầm, tàu lặn, kho chứa nổi, giàn di động mang cờ quốc tịch nước ngoài đã qua sử dụng đăng ký lần đầu tại Việt Nam được thực hiện theo quy định sau:
- Tàu khách, tàu ngầm, tàu lặn: Không quá 10 năm;
- Các loại tàu biển khác, kho chứa nổi, giàn di động: Không quá 15 năm;
- Trường hợp đặc biệt do Bộ trưởng Bộ Giao thông vận tải quyết định nhưng không quá 20 năm và chỉ áp dụng đối với các loại tàu: Chở hóa chất, chở khí hóa lỏng, chở dầu hoặc kho chứa nổi;
b) Giới hạn về tuổi tàu biển quy định tại mục a không áp dụng đối với tàu biển mang cờ quốc tịch nước ngoài, thuộc sở hữu của tổ chức, cá nhân nước ngoài được bán đấu giá tại Việt Nam theo quyết định cưỡng chế của cơ quan có thẩm quyền;
c) Giới hạn về tuổi tàu biển quy định tại mục a không áp dụng trong trường hợp tàu biển mang cờ quốc tịch Việt Nam và thuộc sở hữu của tổ chức, cá nhân Việt Nam đã xóa đăng ký quốc tịch Việt Nam để đăng ký mang cờ quốc tịch nước ngoài theo hình thức cho thuê tàu trần;
d) Tàu biển mang cờ quốc tịch nước ngoài do tổ chức, cá nhân Việt Nam mua theo phương thức vay mua hoặc thuê mua thì sau thời hạn đăng ký mang cờ quốc tịch nước ngoài được đăng ký mang cờ quốc tịch Việt Nam nếu tại thời điểm ký kết hợp đồng vay mua, thuê mua có tuổi tàu phù hợp với quy định tại mục a.
Từ khóa:
Không có thông tin
Mô tả:
Không có thông tin
","Trong thủ tục đăng ký tàu biển loại nhỏ, những điều kiện cần thiết để đăng ký tàu biển loại nhỏ là gì?","['Đăng ký tàu biển loại nhỏ là việc đăng ký tàu biển có động cơ với công suất máy chính dưới 75 kW hoặc tàu biển không có động cơ nhưng có tổng dung tích dưới 50 hoặc có tổng trọng tải dưới 100 tấn hoặc có chiều dài đường nước thiết kế dưới 20 mét và đáp ứng điều kiện sau:\n- Tuổi của tàu biển, tàu ngầm, tàu lặn, kho chứa nổi, giàn di động mang cờ quốc tịch nước ngoài đã qua sử dụng đăng ký lần đầu tại Việt Nam được thực hiện theo quy định sau:\n  - Tàu khách, tàu ngầm, tàu lặn: Không quá 10 năm;\n  - Các loại tàu biển khác, kho chứa nổi, giàn di động: Không quá 15 năm;\n  - Trường hợp đặc biệt do Bộ trưởng Bộ Giao thông vận tải quyết định nhưng không quá 20 năm và chỉ áp dụng đối với các loại tàu: Chở hóa chất, chở khí hóa lỏng, chở dầu hoặc kho chứa nổi;\n- Giới hạn về tuổi tàu biển quy định tại mục a không áp dụng đối với tàu biển mang cờ quốc tịch nước ngoài, thuộc sở hữu của tổ chức, cá nhân nước ngoài được bán đấu giá tại Việt Nam theo quyết định cưỡng chế của cơ quan có thẩm quyền;\n- Giới hạn về tuổi tàu biển quy định tại mục a không áp dụng trong trường hợp tàu biển mang cờ quốc tịch Việt Nam và thuộc sở hữu của tổ chức, cá nhân Việt Nam đã xóa đăng ký quốc tịch Việt Nam để đăng ký mang cờ quốc tịch nước ngoài theo hình thức cho thuê tàu trần;\n- Tàu biển mang cờ quốc tịch nước ngoài do tổ chức, cá nhân Việt Nam mua theo phương thức vay mua hoặc thuê mua thì sau thời hạn đăng ký mang cờ quốc tịch nước ngoài được đăng ký mang cờ quốc tịch Việt Nam nếu tại thời điểm ký kết hợp đồng vay mua, thuê mua có tuổi tàu phù hợp với quy định tại mục a.', '\nTrong thủ tục đăng ký tàu biển loại nhỏ, những điều kiện cần thiết để đăng ký tàu biển loại nhỏ là tàu biển có động cơ với công suất máy chính dưới 75 kW hoặc tàu biển không có động cơ nhưng có tổng dung tích dưới 50 hoặc có tổng trọng tải dưới 100 tấn hoặc có chiều dài đường nước thiết kế dưới 20 mét và đáp ứng các điều kiện về tuổi tàu biển như trong phần ""Yêu cầu, điều kiện thực hiện"" của văn bản. ', 'Để đăng ký tàu biển loại nhỏ, các điều kiện cần thiết bao gồm tuổi của tàu biển, tàu ngầm, tàu lặn, kho chứa nổi, giàn di động mang cờ quốc tịch nước ngoài đã qua sử dụng đăng ký lần đầu tại Việt Nam không quá 10 năm đối với tàu khách, tàu ngầm, tàu lặn, không quá 15 năm đối với các loại tàu biển khác, kho chứa nổi, giàn di động, và không quá 20 năm đối với các loại tàu chở hóa chất, chở khí hóa lỏng, chở dầu hoặc kho chứa nổi.']"
"Chi tiết thủ tục hành chính:
Mã thủ tục:
1.002550
Số quyết định:
1671/QĐ-BGTVT
Tên thủ tục:
Đăng ký tàu biển loại nhỏ
Cấp thực hiện:
Cấp Bộ
Loại thủ tục:
TTHC được luật giao quy định chi tiết
Lĩnh vực:
Hàng Hải
Trình tự thực hiện:
a) Nộp hồ sơ TTHC
- Tổ chức, cá nhân gửi hồ sơ đăng ký tàu biển (hoặc tàu công vụ, tàu ngầm, tàu lặn, kho chứa nổi và giàn di động) loại nhỏ đến Cơ quan đăng ký tàu biển.
- Cơ quan đăng ký tàu biển gồm:
	+ Cục Hàng hải Việt Nam thực hiện chức năng của cơ quan đăng ký tàu biển Việt Nam.
	+Các Chi cục hàng hải, Cảng vụ hàng hải thực hiện nhiệm vụ đăng ký tàu biển theo phân cấp của Cục Hàng hải Việt Nam.
b) Giải quyết TTHC
Cơ quan đăng ký tàu biển tiếp nhận hồ sơ, thực hiện theo quy trình sau:
	+ Trường hợp nộp hồ sơ trực tiếp, nếu hồ sơ chưa hợp lệ thì hướng dẫn ngay cho tổ chức, cá nhân hoàn thiện hồ sơ; nếu hồ sơ hợp lệ thì vào sổ theo dõi, cấp giấy biên nhận hồ sơ và hẹn trả kết quả đúng thời gian quy định;
	+ Trường hợp nhận hồ sơ qua đường bưu chính, nếu hồ sơ không hợp lệ, chậm nhất 02 ngày làm việc, kể từ ngày nhận hồ sơ, cơ quan đăng ký tàu biển hướng dẫn hoàn thiện hồ sơ theo quy định;
	+ Chậm nhất 02 ngày làm việc, kể từ ngày nhận đủ hồ sơ hợp lệ, cơ quan đăng ký tàu biển cấp giấy chứng nhận đăng ký tàu biển và trả trực tiếp hoặc gửi qua hệ thống bưu chính; trường hợp không cấp giấy chứng nhận phải trả lời bằng văn bản nêu rõ lý do.
Cách thức thực hiện:
|Hình thức nộp|Thời hạn giải quyết|Phí, lệ phí|Mô tả|
|--|--|--|-|
|Trực tiếp|2 Ngày làm việc|Lệ phí : Lệ phí: đối với tàu có tổng dung tích đăng ký dưới 500 GT là 3.000 đồng/GT-lần (mức thu tối thiểu không dưới 300.000 đồng) Chủ tàu nộp lệ phí đăng ký tàu biển trực tiếp hoặc chuyển vào tài khoản của cơ quan đăng ký tàu biển trước khi nhận kết quả; chịu toàn bộ chi phí gửi hồ sơ, văn bản và các chi phí liên quan đến chuyển khoản.|Chậm nhất 02 ngày làm việc, kể từ ngày nhận đủ hồ sơ hợp lệ|
|Dịch vụ bưu chính|2 Ngày làm việc|Lệ phí : đối với tàu có tổng dung tích đăng ký dưới 500 GT là 3.000 đồng/GT-lần (mức thu tối thiểu không dưới 300.000 đồng) Chủ tàu nộp lệ phí đăng ký tàu biển trực tiếp hoặc chuyển vào tài khoản của cơ quan đăng ký tàu biển trước khi nhận kết quả; chịu toàn bộ chi phí gửi hồ sơ, văn bản và các chi phí liên quan đến chuyển khoản.|Chậm nhất 02 ngày làm việc, kể từ ngày nhận đủ hồ sơ hợp lệ.|

Thành phần hồ sơ:

Bao gồm
- 01 Bản chính Tờ khai đăng ký tàu biển theo mẫu ([08.1TK.doc](https://csdl.dichvucong.gov.vn/web/jsp/download_file.jsp?ma='3fe3917b783427fd'))
- 01 Bản chính Giấy chứng nhận xóa đăng ký tàu biển hoặc Giấy chứng nhận xóa đăng ký phương tiện thủy nội địa đối với phương tiện thủy nội địa cấp VR-SB (bản chính) đã qua sử dụng hoặc biên bản bàn giao tàu đối với tàu biển đóng mới (bản chính); ([GCN xóa ĐK.docx](https://csdl.dichvucong.gov.vn/web/jsp/download_file.jsp?ma='3fee8743d8fedef3'))
- 01 Bản chính Hợp đồng mua, bán tàu biển hoặc hợp đồng đóng mới tàu biển hoặc các bằng chứng khác có giá trị pháp lý tương đương chứng minh quyền sở hữu đối với tàu biển (bản chính, kèm bản dịch công chứng nếu hợp đồng viết bằng ngôn ngữ nước ngoài);
- 01 Bản sao Chứng từ chứng minh đã nộp lệ phí trước bạ theo quy định, gồm Tờ khai lệ phí trước bạ có xác nhận của cơ quan thuế và chứng từ nộp tiền vào ngân sách nhà nước (bản sao kèm bản chính để đối chiếu); trường hợp tàu biển là đối tượng không phải nộp lệ phí trước bạ thì nộp tờ khai lệ phí trước bạ có xác nhận của cơ quan thuế (bản sao kèm bản chính để đối chiếu);
- 01 Bản sao Giấy chứng nhận đăng ký kinh doanh hoặc Giấy chứng nhận đăng ký doanh nghiệp hoặc Giấy chứng nhận đăng ký hợp tác xã, liên hiệp hợp tác xã (bản sao có chứng thực hoặc bản sao kèm bản chính để đối chiếu); trường hợp chủ tàu là tổ chức nước ngoài thì nộp giấy phép thành lập chi nhánh hoặc văn phòng đại diện tại Việt Nam (bản sao có chứng thực hoặc bản sao kèm bản chính để đối chiếu);
- 01 Bản sao Trường hợp chủ tàu là cá nhân phải nộp thêm giấy chứng minh nhân dân hoặc căn cước công dân hoặc hộ chiếu (bản sao có chứng thực hoặc bản sao kèm bản chính để đối chiếu); trường hợp chủ tàu là cá nhân người nước ngoài thì nộp hộ chiếu (bản sao có chứng thực hoặc bản sao kèm bản chính để đối chiếu);
- 01 Bản sao Giấy chứng nhận an toàn kỹ thuật và bảo vệ môi trường tàu biển (bản sao có chứng thực hoặc bản sao kèm bản chính để đối chiếu).
- 01 Bản sao Trường hợp đăng ký tàu biển công vụ, chủ tàu nộp Quyết định thành lập cơ quan, đơn vị của cấp có thẩm quyền (bản sao có chứng thực hoặc bản sao kèm bản chính để đối chiếu) thay Giấy chứng nhận đăng ký kinh doanh hoặc Giấy chứng nhận đăng ký doanh nghiệp hoặc Giấy chứng nhận đăng ký hợp tác xã, liên hiệp hợp tác xã (bản sao có chứng thực hoặc bản sao kèm bản chính để đối chiếu).

Đối tượng thực hiện:
Công dân Việt Nam, Người Việt Nam định cư ở nước ngoài, Người nước ngoài, Doanh nghiệp, Tổ chức (không bao gồm doanh nghiệp, HTX), Tổ chức nước ngoài, Hợp tác xã
Cơ quan thực hiện:
Cục Hàng hải Việt Nam, Cảng vụ hàng hải, Chi cục Hàng hải
Cơ quan có thẩm quyền:
Không có thông tin
Địa chỉ tiếp nhận HS:
Cơ quan đăng ký tàu biển
Cơ quan được ủy quyền:
Không có thông tin
Cơ quan phối hợp:
Không có thông tin
Kết quả thực hiện:
Giấy chứng nhận đăng ký tàu biển loại nhỏ
Căn cứ pháp lý:
|Số ký hiệu|Trích yếu|Ngày ban hành|Cơ quan ban hành|
|--|--|--|-|
|189/2016/TT-BTC|Quy định mức thu, chế độ thu, nộp, quản lý và sử dụng phí, lệ phí trong hoạt động chuyên ngành hàng hải|08-11-2016|Bộ Tài chính|
|171/2016/NĐ-CP|Về đăng ký, xóa đăng ký và mua, bán, đóng mới tàu biển|27-12-2016|Chính phủ|
|86/2020/NĐ-CP|Nghị định 86/2020/NĐ-CP|23-07-2020||

Yêu cầu, điều kiện thực hiện:
Đăng ký tàu biển loại nhỏ là việc đăng ký tàu biển có động cơ với công suất máy chính dưới 75 kW hoặc tàu biển không có động cơ nhưng có tổng dung tích dưới 50 hoặc có tổng trọng tải dưới 100 tấn hoặc có chiều dài đường nước thiết kế dưới 20 mét và đáp ứng điều kiện sau:
a) Tuổi của tàu biển, tàu ngầm, tàu lặn, kho chứa nổi, giàn di động mang cờ quốc tịch nước ngoài đã qua sử dụng đăng ký lần đầu tại Việt Nam được thực hiện theo quy định sau:
- Tàu khách, tàu ngầm, tàu lặn: Không quá 10 năm;
- Các loại tàu biển khác, kho chứa nổi, giàn di động: Không quá 15 năm;
- Trường hợp đặc biệt do Bộ trưởng Bộ Giao thông vận tải quyết định nhưng không quá 20 năm và chỉ áp dụng đối với các loại tàu: Chở hóa chất, chở khí hóa lỏng, chở dầu hoặc kho chứa nổi;
b) Giới hạn về tuổi tàu biển quy định tại mục a không áp dụng đối với tàu biển mang cờ quốc tịch nước ngoài, thuộc sở hữu của tổ chức, cá nhân nước ngoài được bán đấu giá tại Việt Nam theo quyết định cưỡng chế của cơ quan có thẩm quyền;
c) Giới hạn về tuổi tàu biển quy định tại mục a không áp dụng trong trường hợp tàu biển mang cờ quốc tịch Việt Nam và thuộc sở hữu của tổ chức, cá nhân Việt Nam đã xóa đăng ký quốc tịch Việt Nam để đăng ký mang cờ quốc tịch nước ngoài theo hình thức cho thuê tàu trần;
d) Tàu biển mang cờ quốc tịch nước ngoài do tổ chức, cá nhân Việt Nam mua theo phương thức vay mua hoặc thuê mua thì sau thời hạn đăng ký mang cờ quốc tịch nước ngoài được đăng ký mang cờ quốc tịch Việt Nam nếu tại thời điểm ký kết hợp đồng vay mua, thuê mua có tuổi tàu phù hợp với quy định tại mục a.
Đăng ký tàu biển loại nhỏ là việc đăng ký tàu biển có động cơ với công suất máy chính dưới 75 kW hoặc tàu biển không có động cơ nhưng có tổng dung tích dưới 50 hoặc có tổng trọng tải dưới 100 tấn hoặc có chiều dài đường nước thiết kế dưới 20 mét và đáp ứng điều kiện sau:
a) Tuổi của tàu biển, tàu ngầm, tàu lặn, kho chứa nổi, giàn di động mang cờ quốc tịch nước ngoài đã qua sử dụng đăng ký lần đầu tại Việt Nam được thực hiện theo quy định sau:
- Tàu khách, tàu ngầm, tàu lặn: Không quá 10 năm;
- Các loại tàu biển khác, kho chứa nổi, giàn di động: Không quá 15 năm;
- Trường hợp đặc biệt do Bộ trưởng Bộ Giao thông vận tải quyết định nhưng không quá 20 năm và chỉ áp dụng đối với các loại tàu: Chở hóa chất, chở khí hóa lỏng, chở dầu hoặc kho chứa nổi;
b) Giới hạn về tuổi tàu biển quy định tại mục a không áp dụng đối với tàu biển mang cờ quốc tịch nước ngoài, thuộc sở hữu của tổ chức, cá nhân nước ngoài được bán đấu giá tại Việt Nam theo quyết định cưỡng chế của cơ quan có thẩm quyền;
c) Giới hạn về tuổi tàu biển quy định tại mục a không áp dụng trong trường hợp tàu biển mang cờ quốc tịch Việt Nam và thuộc sở hữu của tổ chức, cá nhân Việt Nam đã xóa đăng ký quốc tịch Việt Nam để đăng ký mang cờ quốc tịch nước ngoài theo hình thức cho thuê tàu trần;
d) Tàu biển mang cờ quốc tịch nước ngoài do tổ chức, cá nhân Việt Nam mua theo phương thức vay mua hoặc thuê mua thì sau thời hạn đăng ký mang cờ quốc tịch nước ngoài được đăng ký mang cờ quốc tịch Việt Nam nếu tại thời điểm ký kết hợp đồng vay mua, thuê mua có tuổi tàu phù hợp với quy định tại mục a.
Từ khóa:
Không có thông tin
Mô tả:
Không có thông tin
","Trong thủ tục đăng ký tàu biển loại nhỏ, thành phần hồ sơ cần nộp bao gồm những gì?","[""Thành phần hồ sơ cần nộp bao gồm:\n- 01 Bản chính Tờ khai đăng ký tàu biển theo mẫu ([08.1TK.doc](https://csdl.dichvucong.gov.vn/web/jsp/download_file.jsp?ma='3fe3917b783427fd'))\n- 01 Bản chính Giấy chứng nhận xóa đăng ký tàu biển hoặc Giấy chứng nhận xóa đăng ký phương tiện thủy nội địa đối với phương tiện thủy nội địa cấp VR-SB (bản chính) đã qua sử dụng hoặc biên bản bàn giao tàu đối với tàu biển đóng mới (bản chính); ([GCN xóa ĐK.docx](https://csdl.dichvucong.gov.vn/web/jsp/download_file.jsp?ma='3fee8743d8fedef3'))\n- 01 Bản chính Hợp đồng mua, bán tàu biển hoặc hợp đồng đóng mới tàu biển hoặc các bằng chứng khác có giá trị pháp lý tương đương chứng minh quyền sở hữu đối với tàu biển (bản chính, kèm bản dịch công chứng nếu hợp đồng viết bằng ngôn ngữ nước ngoài);\n- 01 Bản sao Chứng từ chứng minh đã nộp lệ phí trước bạ theo quy định, gồm Tờ khai lệ phí trước bạ có xác nhận của cơ quan thuế và chứng từ nộp tiền vào ngân sách nhà nước (bản sao kèm bản chính để đối chiếu); trường hợp tàu biển là đối tượng không phải nộp lệ phí trước bạ thì nộp tờ khai lệ phí trước bạ có xác nhận của cơ quan thuế (bản sao kèm bản chính để đối chiếu);\n- 01 Bản sao Giấy chứng nhận đăng ký kinh doanh hoặc Giấy chứng nhận đăng ký doanh nghiệp hoặc Giấy chứng nhận đăng ký hợp tác xã, liên hiệp hợp tác xã (bản sao có chứng thực hoặc bản sao kèm bản chính để đối chiếu); trường hợp chủ tàu là tổ chức nước ngoài thì nộp giấy phép thành lập chi nhánh hoặc văn phòng đại diện tại Việt Nam (bản sao có chứng thực hoặc bản sao kèm bản chính để đối chiếu);\n- 01 Bản sao Trường hợp chủ tàu là cá nhân phải nộp thêm giấy chứng minh nhân dân hoặc căn cước công dân hoặc hộ chiếu (bản sao có chứng thực hoặc bản sao kèm bản chính để đối chiếu); trường hợp chủ tàu là cá nhân người nước ngoài thì nộp hộ chiếu (bản sao có chứng thực hoặc bản sao kèm bản chính để đối chiếu);\n- 01 Bản sao Giấy chứng nhận an toàn kỹ thuật và bảo vệ môi trường tàu biển (bản sao có chứng thực hoặc bản sao kèm bản chính để đối chiếu).\n- 01 Bản sao Trường hợp đăng ký tàu biển công vụ, chủ tàu nộp Quyết định thành lập cơ quan, đơn vị của cấp có thẩm quyền (bản sao có chứng thực hoặc bản sao kèm bản chính để đối chiếu) thay Giấy chứng nhận đăng ký kinh doanh hoặc Giấy chứng nhận đăng ký doanh nghiệp hoặc Giấy chứng nhận đăng ký hợp tác xã, liên hiệp hợp tác xã (bản sao có chứng thực hoặc bản sao kèm bản chính để đối chiếu)."", '\nTrong thủ tục đăng ký tàu biển loại nhỏ, thành phần hồ sơ cần nộp bao gồm: 01 Bản chính Tờ khai đăng ký tàu biển theo mẫu, 01 Bản chính Giấy chứng nhận xóa đăng ký tàu biển hoặc Giấy chứng nhận xóa đăng ký phương tiện thủy nội địa, 01 Bản chính Hợp đồng mua, bán tàu biển hoặc hợp đồng đóng mới tàu biển, 01 Bản sao Chứng từ chứng minh đã nộp lệ phí trước bạ, 01 Bản sao Giấy chứng nhận đăng ký kinh doanh hoặc Giấy chứng nhận đăng ký doanh nghiệp hoặc Giấy chứng nhận đăng ký hợp tác xã, 01 Bản sao Trường hợp chủ tàu là cá nhân phải nộp thêm giấy chứng minh nhân dân hoặc căn cước công dân hoặc hộ chiếu, 01 Bản sao Giấy chứng nhận an toàn kỹ thuật và bảo vệ môi trường tàu biển, và 01 Bản sao Trường hợp đăng ký tàu biển công vụ, chủ tàu nộp Quyết định thành lập cơ quan, đơn vị. ', 'Thành phần hồ sơ cần nộp bao gồm: Tờ khai đăng ký tàu biển theo mẫu, Giấy chứng nhận xóa đăng ký tàu biển hoặc Giấy chứng nhận xóa đăng ký phương tiện thủy nội địa đối với phương tiện thủy nội địa cấp VR-SB đã qua sử dụng hoặc biên bản bàn giao tàu đối với tàu biển đóng mới, Hợp đồng mua, bán tàu biển hoặc hợp đồng đóng mới tàu biển hoặc các bằng chứng khác có giá trị pháp lý tương đương chứng minh quyền sở hữu đối với tàu biển, Chứng từ chứng minh đã nộp lệ phí trước bạ, Giấy chứng nhận đăng ký kinh doanh hoặc Giấy chứng nhận đăng ký doanh nghiệp hoặc Giấy chứng nhận đăng ký hợp tác xã, liên hiệp hợp tác xã, Giấy chứng nhận an toàn kỹ thuật và bảo vệ môi trường tàu biển, và Quyết định thành lập cơ quan, đơn vị của cấp có thẩm quyền đối với trường hợp đăng ký tàu biển công vụ.']"
"Chi tiết thủ tục hành chính:
Mã thủ tục:
1.002550
Số quyết định:
1671/QĐ-BGTVT
Tên thủ tục:
Đăng ký tàu biển loại nhỏ
Cấp thực hiện:
Cấp Bộ
Loại thủ tục:
TTHC được luật giao quy định chi tiết
Lĩnh vực:
Hàng Hải
Trình tự thực hiện:
a) Nộp hồ sơ TTHC
- Tổ chức, cá nhân gửi hồ sơ đăng ký tàu biển (hoặc tàu công vụ, tàu ngầm, tàu lặn, kho chứa nổi và giàn di động) loại nhỏ đến Cơ quan đăng ký tàu biển.
- Cơ quan đăng ký tàu biển gồm:
	+ Cục Hàng hải Việt Nam thực hiện chức năng của cơ quan đăng ký tàu biển Việt Nam.
	+Các Chi cục hàng hải, Cảng vụ hàng hải thực hiện nhiệm vụ đăng ký tàu biển theo phân cấp của Cục Hàng hải Việt Nam.
b) Giải quyết TTHC
Cơ quan đăng ký tàu biển tiếp nhận hồ sơ, thực hiện theo quy trình sau:
	+ Trường hợp nộp hồ sơ trực tiếp, nếu hồ sơ chưa hợp lệ thì hướng dẫn ngay cho tổ chức, cá nhân hoàn thiện hồ sơ; nếu hồ sơ hợp lệ thì vào sổ theo dõi, cấp giấy biên nhận hồ sơ và hẹn trả kết quả đúng thời gian quy định;
	+ Trường hợp nhận hồ sơ qua đường bưu chính, nếu hồ sơ không hợp lệ, chậm nhất 02 ngày làm việc, kể từ ngày nhận hồ sơ, cơ quan đăng ký tàu biển hướng dẫn hoàn thiện hồ sơ theo quy định;
	+ Chậm nhất 02 ngày làm việc, kể từ ngày nhận đủ hồ sơ hợp lệ, cơ quan đăng ký tàu biển cấp giấy chứng nhận đăng ký tàu biển và trả trực tiếp hoặc gửi qua hệ thống bưu chính; trường hợp không cấp giấy chứng nhận phải trả lời bằng văn bản nêu rõ lý do.
Cách thức thực hiện:
|Hình thức nộp|Thời hạn giải quyết|Phí, lệ phí|Mô tả|
|--|--|--|-|
|Trực tiếp|2 Ngày làm việc|Lệ phí : Lệ phí: đối với tàu có tổng dung tích đăng ký dưới 500 GT là 3.000 đồng/GT-lần (mức thu tối thiểu không dưới 300.000 đồng) Chủ tàu nộp lệ phí đăng ký tàu biển trực tiếp hoặc chuyển vào tài khoản của cơ quan đăng ký tàu biển trước khi nhận kết quả; chịu toàn bộ chi phí gửi hồ sơ, văn bản và các chi phí liên quan đến chuyển khoản.|Chậm nhất 02 ngày làm việc, kể từ ngày nhận đủ hồ sơ hợp lệ|
|Dịch vụ bưu chính|2 Ngày làm việc|Lệ phí : đối với tàu có tổng dung tích đăng ký dưới 500 GT là 3.000 đồng/GT-lần (mức thu tối thiểu không dưới 300.000 đồng) Chủ tàu nộp lệ phí đăng ký tàu biển trực tiếp hoặc chuyển vào tài khoản của cơ quan đăng ký tàu biển trước khi nhận kết quả; chịu toàn bộ chi phí gửi hồ sơ, văn bản và các chi phí liên quan đến chuyển khoản.|Chậm nhất 02 ngày làm việc, kể từ ngày nhận đủ hồ sơ hợp lệ.|

Thành phần hồ sơ:

Bao gồm
- 01 Bản chính Tờ khai đăng ký tàu biển theo mẫu ([08.1TK.doc](https://csdl.dichvucong.gov.vn/web/jsp/download_file.jsp?ma='3fe3917b783427fd'))
- 01 Bản chính Giấy chứng nhận xóa đăng ký tàu biển hoặc Giấy chứng nhận xóa đăng ký phương tiện thủy nội địa đối với phương tiện thủy nội địa cấp VR-SB (bản chính) đã qua sử dụng hoặc biên bản bàn giao tàu đối với tàu biển đóng mới (bản chính); ([GCN xóa ĐK.docx](https://csdl.dichvucong.gov.vn/web/jsp/download_file.jsp?ma='3fee8743d8fedef3'))
- 01 Bản chính Hợp đồng mua, bán tàu biển hoặc hợp đồng đóng mới tàu biển hoặc các bằng chứng khác có giá trị pháp lý tương đương chứng minh quyền sở hữu đối với tàu biển (bản chính, kèm bản dịch công chứng nếu hợp đồng viết bằng ngôn ngữ nước ngoài);
- 01 Bản sao Chứng từ chứng minh đã nộp lệ phí trước bạ theo quy định, gồm Tờ khai lệ phí trước bạ có xác nhận của cơ quan thuế và chứng từ nộp tiền vào ngân sách nhà nước (bản sao kèm bản chính để đối chiếu); trường hợp tàu biển là đối tượng không phải nộp lệ phí trước bạ thì nộp tờ khai lệ phí trước bạ có xác nhận của cơ quan thuế (bản sao kèm bản chính để đối chiếu);
- 01 Bản sao Giấy chứng nhận đăng ký kinh doanh hoặc Giấy chứng nhận đăng ký doanh nghiệp hoặc Giấy chứng nhận đăng ký hợp tác xã, liên hiệp hợp tác xã (bản sao có chứng thực hoặc bản sao kèm bản chính để đối chiếu); trường hợp chủ tàu là tổ chức nước ngoài thì nộp giấy phép thành lập chi nhánh hoặc văn phòng đại diện tại Việt Nam (bản sao có chứng thực hoặc bản sao kèm bản chính để đối chiếu);
- 01 Bản sao Trường hợp chủ tàu là cá nhân phải nộp thêm giấy chứng minh nhân dân hoặc căn cước công dân hoặc hộ chiếu (bản sao có chứng thực hoặc bản sao kèm bản chính để đối chiếu); trường hợp chủ tàu là cá nhân người nước ngoài thì nộp hộ chiếu (bản sao có chứng thực hoặc bản sao kèm bản chính để đối chiếu);
- 01 Bản sao Giấy chứng nhận an toàn kỹ thuật và bảo vệ môi trường tàu biển (bản sao có chứng thực hoặc bản sao kèm bản chính để đối chiếu).
- 01 Bản sao Trường hợp đăng ký tàu biển công vụ, chủ tàu nộp Quyết định thành lập cơ quan, đơn vị của cấp có thẩm quyền (bản sao có chứng thực hoặc bản sao kèm bản chính để đối chiếu) thay Giấy chứng nhận đăng ký kinh doanh hoặc Giấy chứng nhận đăng ký doanh nghiệp hoặc Giấy chứng nhận đăng ký hợp tác xã, liên hiệp hợp tác xã (bản sao có chứng thực hoặc bản sao kèm bản chính để đối chiếu).

Đối tượng thực hiện:
Công dân Việt Nam, Người Việt Nam định cư ở nước ngoài, Người nước ngoài, Doanh nghiệp, Tổ chức (không bao gồm doanh nghiệp, HTX), Tổ chức nước ngoài, Hợp tác xã
Cơ quan thực hiện:
Cục Hàng hải Việt Nam, Cảng vụ hàng hải, Chi cục Hàng hải
Cơ quan có thẩm quyền:
Không có thông tin
Địa chỉ tiếp nhận HS:
Cơ quan đăng ký tàu biển
Cơ quan được ủy quyền:
Không có thông tin
Cơ quan phối hợp:
Không có thông tin
Kết quả thực hiện:
Giấy chứng nhận đăng ký tàu biển loại nhỏ
Căn cứ pháp lý:
|Số ký hiệu|Trích yếu|Ngày ban hành|Cơ quan ban hành|
|--|--|--|-|
|189/2016/TT-BTC|Quy định mức thu, chế độ thu, nộp, quản lý và sử dụng phí, lệ phí trong hoạt động chuyên ngành hàng hải|08-11-2016|Bộ Tài chính|
|171/2016/NĐ-CP|Về đăng ký, xóa đăng ký và mua, bán, đóng mới tàu biển|27-12-2016|Chính phủ|
|86/2020/NĐ-CP|Nghị định 86/2020/NĐ-CP|23-07-2020||

Yêu cầu, điều kiện thực hiện:
Đăng ký tàu biển loại nhỏ là việc đăng ký tàu biển có động cơ với công suất máy chính dưới 75 kW hoặc tàu biển không có động cơ nhưng có tổng dung tích dưới 50 hoặc có tổng trọng tải dưới 100 tấn hoặc có chiều dài đường nước thiết kế dưới 20 mét và đáp ứng điều kiện sau:
a) Tuổi của tàu biển, tàu ngầm, tàu lặn, kho chứa nổi, giàn di động mang cờ quốc tịch nước ngoài đã qua sử dụng đăng ký lần đầu tại Việt Nam được thực hiện theo quy định sau:
- Tàu khách, tàu ngầm, tàu lặn: Không quá 10 năm;
- Các loại tàu biển khác, kho chứa nổi, giàn di động: Không quá 15 năm;
- Trường hợp đặc biệt do Bộ trưởng Bộ Giao thông vận tải quyết định nhưng không quá 20 năm và chỉ áp dụng đối với các loại tàu: Chở hóa chất, chở khí hóa lỏng, chở dầu hoặc kho chứa nổi;
b) Giới hạn về tuổi tàu biển quy định tại mục a không áp dụng đối với tàu biển mang cờ quốc tịch nước ngoài, thuộc sở hữu của tổ chức, cá nhân nước ngoài được bán đấu giá tại Việt Nam theo quyết định cưỡng chế của cơ quan có thẩm quyền;
c) Giới hạn về tuổi tàu biển quy định tại mục a không áp dụng trong trường hợp tàu biển mang cờ quốc tịch Việt Nam và thuộc sở hữu của tổ chức, cá nhân Việt Nam đã xóa đăng ký quốc tịch Việt Nam để đăng ký mang cờ quốc tịch nước ngoài theo hình thức cho thuê tàu trần;
d) Tàu biển mang cờ quốc tịch nước ngoài do tổ chức, cá nhân Việt Nam mua theo phương thức vay mua hoặc thuê mua thì sau thời hạn đăng ký mang cờ quốc tịch nước ngoài được đăng ký mang cờ quốc tịch Việt Nam nếu tại thời điểm ký kết hợp đồng vay mua, thuê mua có tuổi tàu phù hợp với quy định tại mục a.
Đăng ký tàu biển loại nhỏ là việc đăng ký tàu biển có động cơ với công suất máy chính dưới 75 kW hoặc tàu biển không có động cơ nhưng có tổng dung tích dưới 50 hoặc có tổng trọng tải dưới 100 tấn hoặc có chiều dài đường nước thiết kế dưới 20 mét và đáp ứng điều kiện sau:
a) Tuổi của tàu biển, tàu ngầm, tàu lặn, kho chứa nổi, giàn di động mang cờ quốc tịch nước ngoài đã qua sử dụng đăng ký lần đầu tại Việt Nam được thực hiện theo quy định sau:
- Tàu khách, tàu ngầm, tàu lặn: Không quá 10 năm;
- Các loại tàu biển khác, kho chứa nổi, giàn di động: Không quá 15 năm;
- Trường hợp đặc biệt do Bộ trưởng Bộ Giao thông vận tải quyết định nhưng không quá 20 năm và chỉ áp dụng đối với các loại tàu: Chở hóa chất, chở khí hóa lỏng, chở dầu hoặc kho chứa nổi;
b) Giới hạn về tuổi tàu biển quy định tại mục a không áp dụng đối với tàu biển mang cờ quốc tịch nước ngoài, thuộc sở hữu của tổ chức, cá nhân nước ngoài được bán đấu giá tại Việt Nam theo quyết định cưỡng chế của cơ quan có thẩm quyền;
c) Giới hạn về tuổi tàu biển quy định tại mục a không áp dụng trong trường hợp tàu biển mang cờ quốc tịch Việt Nam và thuộc sở hữu của tổ chức, cá nhân Việt Nam đã xóa đăng ký quốc tịch Việt Nam để đăng ký mang cờ quốc tịch nước ngoài theo hình thức cho thuê tàu trần;
d) Tàu biển mang cờ quốc tịch nước ngoài do tổ chức, cá nhân Việt Nam mua theo phương thức vay mua hoặc thuê mua thì sau thời hạn đăng ký mang cờ quốc tịch nước ngoài được đăng ký mang cờ quốc tịch Việt Nam nếu tại thời điểm ký kết hợp đồng vay mua, thuê mua có tuổi tàu phù hợp với quy định tại mục a.
Từ khóa:
Không có thông tin
Mô tả:
Không có thông tin
","Trong thủ tục đăng ký tàu biển loại nhỏ, các đối tượng thực hiện thủ tục bao gồm những ai?","['Các đối tượng thực hiện thủ tục đăng ký tàu biển loại nhỏ bao gồm:\n- Công dân Việt Nam\n- Người Việt Nam định cư ở nước ngoài\n- Người nước ngoài\n- Doanh nghiệp\n- Tổ chức (không bao gồm doanh nghiệp, HTX)\n- Tổ chức nước ngoài\n- Hợp tác xã', '\nTrong thủ tục đăng ký tàu biển loại nhỏ, các đối tượng thực hiện thủ tục bao gồm Công dân Việt Nam, Người Việt Nam định cư ở nước ngoài, Người nước ngoài, Doanh nghiệp, Tổ chức (không bao gồm doanh nghiệp, HTX), Tổ chức nước ngoài, Hợp tác xã. ', 'Các đối tượng thực hiện thủ tục bao gồm công dân Việt Nam, người Việt Nam định cư ở nước ngoài, người nước ngoài, doanh nghiệp, tổ chức (không bao gồm doanh nghiệp, HTX), tổ chức nước ngoài, hợp tác xã.']"
"Chi tiết thủ tục hành chính:
Mã thủ tục:
1.002550
Số quyết định:
1671/QĐ-BGTVT
Tên thủ tục:
Đăng ký tàu biển loại nhỏ
Cấp thực hiện:
Cấp Bộ
Loại thủ tục:
TTHC được luật giao quy định chi tiết
Lĩnh vực:
Hàng Hải
Trình tự thực hiện:
a) Nộp hồ sơ TTHC
- Tổ chức, cá nhân gửi hồ sơ đăng ký tàu biển (hoặc tàu công vụ, tàu ngầm, tàu lặn, kho chứa nổi và giàn di động) loại nhỏ đến Cơ quan đăng ký tàu biển.
- Cơ quan đăng ký tàu biển gồm:
	+ Cục Hàng hải Việt Nam thực hiện chức năng của cơ quan đăng ký tàu biển Việt Nam.
	+Các Chi cục hàng hải, Cảng vụ hàng hải thực hiện nhiệm vụ đăng ký tàu biển theo phân cấp của Cục Hàng hải Việt Nam.
b) Giải quyết TTHC
Cơ quan đăng ký tàu biển tiếp nhận hồ sơ, thực hiện theo quy trình sau:
	+ Trường hợp nộp hồ sơ trực tiếp, nếu hồ sơ chưa hợp lệ thì hướng dẫn ngay cho tổ chức, cá nhân hoàn thiện hồ sơ; nếu hồ sơ hợp lệ thì vào sổ theo dõi, cấp giấy biên nhận hồ sơ và hẹn trả kết quả đúng thời gian quy định;
	+ Trường hợp nhận hồ sơ qua đường bưu chính, nếu hồ sơ không hợp lệ, chậm nhất 02 ngày làm việc, kể từ ngày nhận hồ sơ, cơ quan đăng ký tàu biển hướng dẫn hoàn thiện hồ sơ theo quy định;
	+ Chậm nhất 02 ngày làm việc, kể từ ngày nhận đủ hồ sơ hợp lệ, cơ quan đăng ký tàu biển cấp giấy chứng nhận đăng ký tàu biển và trả trực tiếp hoặc gửi qua hệ thống bưu chính; trường hợp không cấp giấy chứng nhận phải trả lời bằng văn bản nêu rõ lý do.
Cách thức thực hiện:
|Hình thức nộp|Thời hạn giải quyết|Phí, lệ phí|Mô tả|
|--|--|--|-|
|Trực tiếp|2 Ngày làm việc|Lệ phí : Lệ phí: đối với tàu có tổng dung tích đăng ký dưới 500 GT là 3.000 đồng/GT-lần (mức thu tối thiểu không dưới 300.000 đồng) Chủ tàu nộp lệ phí đăng ký tàu biển trực tiếp hoặc chuyển vào tài khoản của cơ quan đăng ký tàu biển trước khi nhận kết quả; chịu toàn bộ chi phí gửi hồ sơ, văn bản và các chi phí liên quan đến chuyển khoản.|Chậm nhất 02 ngày làm việc, kể từ ngày nhận đủ hồ sơ hợp lệ|
|Dịch vụ bưu chính|2 Ngày làm việc|Lệ phí : đối với tàu có tổng dung tích đăng ký dưới 500 GT là 3.000 đồng/GT-lần (mức thu tối thiểu không dưới 300.000 đồng) Chủ tàu nộp lệ phí đăng ký tàu biển trực tiếp hoặc chuyển vào tài khoản của cơ quan đăng ký tàu biển trước khi nhận kết quả; chịu toàn bộ chi phí gửi hồ sơ, văn bản và các chi phí liên quan đến chuyển khoản.|Chậm nhất 02 ngày làm việc, kể từ ngày nhận đủ hồ sơ hợp lệ.|

Thành phần hồ sơ:

Bao gồm
- 01 Bản chính Tờ khai đăng ký tàu biển theo mẫu ([08.1TK.doc](https://csdl.dichvucong.gov.vn/web/jsp/download_file.jsp?ma='3fe3917b783427fd'))
- 01 Bản chính Giấy chứng nhận xóa đăng ký tàu biển hoặc Giấy chứng nhận xóa đăng ký phương tiện thủy nội địa đối với phương tiện thủy nội địa cấp VR-SB (bản chính) đã qua sử dụng hoặc biên bản bàn giao tàu đối với tàu biển đóng mới (bản chính); ([GCN xóa ĐK.docx](https://csdl.dichvucong.gov.vn/web/jsp/download_file.jsp?ma='3fee8743d8fedef3'))
- 01 Bản chính Hợp đồng mua, bán tàu biển hoặc hợp đồng đóng mới tàu biển hoặc các bằng chứng khác có giá trị pháp lý tương đương chứng minh quyền sở hữu đối với tàu biển (bản chính, kèm bản dịch công chứng nếu hợp đồng viết bằng ngôn ngữ nước ngoài);
- 01 Bản sao Chứng từ chứng minh đã nộp lệ phí trước bạ theo quy định, gồm Tờ khai lệ phí trước bạ có xác nhận của cơ quan thuế và chứng từ nộp tiền vào ngân sách nhà nước (bản sao kèm bản chính để đối chiếu); trường hợp tàu biển là đối tượng không phải nộp lệ phí trước bạ thì nộp tờ khai lệ phí trước bạ có xác nhận của cơ quan thuế (bản sao kèm bản chính để đối chiếu);
- 01 Bản sao Giấy chứng nhận đăng ký kinh doanh hoặc Giấy chứng nhận đăng ký doanh nghiệp hoặc Giấy chứng nhận đăng ký hợp tác xã, liên hiệp hợp tác xã (bản sao có chứng thực hoặc bản sao kèm bản chính để đối chiếu); trường hợp chủ tàu là tổ chức nước ngoài thì nộp giấy phép thành lập chi nhánh hoặc văn phòng đại diện tại Việt Nam (bản sao có chứng thực hoặc bản sao kèm bản chính để đối chiếu);
- 01 Bản sao Trường hợp chủ tàu là cá nhân phải nộp thêm giấy chứng minh nhân dân hoặc căn cước công dân hoặc hộ chiếu (bản sao có chứng thực hoặc bản sao kèm bản chính để đối chiếu); trường hợp chủ tàu là cá nhân người nước ngoài thì nộp hộ chiếu (bản sao có chứng thực hoặc bản sao kèm bản chính để đối chiếu);
- 01 Bản sao Giấy chứng nhận an toàn kỹ thuật và bảo vệ môi trường tàu biển (bản sao có chứng thực hoặc bản sao kèm bản chính để đối chiếu).
- 01 Bản sao Trường hợp đăng ký tàu biển công vụ, chủ tàu nộp Quyết định thành lập cơ quan, đơn vị của cấp có thẩm quyền (bản sao có chứng thực hoặc bản sao kèm bản chính để đối chiếu) thay Giấy chứng nhận đăng ký kinh doanh hoặc Giấy chứng nhận đăng ký doanh nghiệp hoặc Giấy chứng nhận đăng ký hợp tác xã, liên hiệp hợp tác xã (bản sao có chứng thực hoặc bản sao kèm bản chính để đối chiếu).

Đối tượng thực hiện:
Công dân Việt Nam, Người Việt Nam định cư ở nước ngoài, Người nước ngoài, Doanh nghiệp, Tổ chức (không bao gồm doanh nghiệp, HTX), Tổ chức nước ngoài, Hợp tác xã
Cơ quan thực hiện:
Cục Hàng hải Việt Nam, Cảng vụ hàng hải, Chi cục Hàng hải
Cơ quan có thẩm quyền:
Không có thông tin
Địa chỉ tiếp nhận HS:
Cơ quan đăng ký tàu biển
Cơ quan được ủy quyền:
Không có thông tin
Cơ quan phối hợp:
Không có thông tin
Kết quả thực hiện:
Giấy chứng nhận đăng ký tàu biển loại nhỏ
Căn cứ pháp lý:
|Số ký hiệu|Trích yếu|Ngày ban hành|Cơ quan ban hành|
|--|--|--|-|
|189/2016/TT-BTC|Quy định mức thu, chế độ thu, nộp, quản lý và sử dụng phí, lệ phí trong hoạt động chuyên ngành hàng hải|08-11-2016|Bộ Tài chính|
|171/2016/NĐ-CP|Về đăng ký, xóa đăng ký và mua, bán, đóng mới tàu biển|27-12-2016|Chính phủ|
|86/2020/NĐ-CP|Nghị định 86/2020/NĐ-CP|23-07-2020||

Yêu cầu, điều kiện thực hiện:
Đăng ký tàu biển loại nhỏ là việc đăng ký tàu biển có động cơ với công suất máy chính dưới 75 kW hoặc tàu biển không có động cơ nhưng có tổng dung tích dưới 50 hoặc có tổng trọng tải dưới 100 tấn hoặc có chiều dài đường nước thiết kế dưới 20 mét và đáp ứng điều kiện sau:
a) Tuổi của tàu biển, tàu ngầm, tàu lặn, kho chứa nổi, giàn di động mang cờ quốc tịch nước ngoài đã qua sử dụng đăng ký lần đầu tại Việt Nam được thực hiện theo quy định sau:
- Tàu khách, tàu ngầm, tàu lặn: Không quá 10 năm;
- Các loại tàu biển khác, kho chứa nổi, giàn di động: Không quá 15 năm;
- Trường hợp đặc biệt do Bộ trưởng Bộ Giao thông vận tải quyết định nhưng không quá 20 năm và chỉ áp dụng đối với các loại tàu: Chở hóa chất, chở khí hóa lỏng, chở dầu hoặc kho chứa nổi;
b) Giới hạn về tuổi tàu biển quy định tại mục a không áp dụng đối với tàu biển mang cờ quốc tịch nước ngoài, thuộc sở hữu của tổ chức, cá nhân nước ngoài được bán đấu giá tại Việt Nam theo quyết định cưỡng chế của cơ quan có thẩm quyền;
c) Giới hạn về tuổi tàu biển quy định tại mục a không áp dụng trong trường hợp tàu biển mang cờ quốc tịch Việt Nam và thuộc sở hữu của tổ chức, cá nhân Việt Nam đã xóa đăng ký quốc tịch Việt Nam để đăng ký mang cờ quốc tịch nước ngoài theo hình thức cho thuê tàu trần;
d) Tàu biển mang cờ quốc tịch nước ngoài do tổ chức, cá nhân Việt Nam mua theo phương thức vay mua hoặc thuê mua thì sau thời hạn đăng ký mang cờ quốc tịch nước ngoài được đăng ký mang cờ quốc tịch Việt Nam nếu tại thời điểm ký kết hợp đồng vay mua, thuê mua có tuổi tàu phù hợp với quy định tại mục a.
Đăng ký tàu biển loại nhỏ là việc đăng ký tàu biển có động cơ với công suất máy chính dưới 75 kW hoặc tàu biển không có động cơ nhưng có tổng dung tích dưới 50 hoặc có tổng trọng tải dưới 100 tấn hoặc có chiều dài đường nước thiết kế dưới 20 mét và đáp ứng điều kiện sau:
a) Tuổi của tàu biển, tàu ngầm, tàu lặn, kho chứa nổi, giàn di động mang cờ quốc tịch nước ngoài đã qua sử dụng đăng ký lần đầu tại Việt Nam được thực hiện theo quy định sau:
- Tàu khách, tàu ngầm, tàu lặn: Không quá 10 năm;
- Các loại tàu biển khác, kho chứa nổi, giàn di động: Không quá 15 năm;
- Trường hợp đặc biệt do Bộ trưởng Bộ Giao thông vận tải quyết định nhưng không quá 20 năm và chỉ áp dụng đối với các loại tàu: Chở hóa chất, chở khí hóa lỏng, chở dầu hoặc kho chứa nổi;
b) Giới hạn về tuổi tàu biển quy định tại mục a không áp dụng đối với tàu biển mang cờ quốc tịch nước ngoài, thuộc sở hữu của tổ chức, cá nhân nước ngoài được bán đấu giá tại Việt Nam theo quyết định cưỡng chế của cơ quan có thẩm quyền;
c) Giới hạn về tuổi tàu biển quy định tại mục a không áp dụng trong trường hợp tàu biển mang cờ quốc tịch Việt Nam và thuộc sở hữu của tổ chức, cá nhân Việt Nam đã xóa đăng ký quốc tịch Việt Nam để đăng ký mang cờ quốc tịch nước ngoài theo hình thức cho thuê tàu trần;
d) Tàu biển mang cờ quốc tịch nước ngoài do tổ chức, cá nhân Việt Nam mua theo phương thức vay mua hoặc thuê mua thì sau thời hạn đăng ký mang cờ quốc tịch nước ngoài được đăng ký mang cờ quốc tịch Việt Nam nếu tại thời điểm ký kết hợp đồng vay mua, thuê mua có tuổi tàu phù hợp với quy định tại mục a.
Từ khóa:
Không có thông tin
Mô tả:
Không có thông tin
","Trong thủ tục đăng ký tàu biển loại nhỏ, các cơ quan thực hiện thủ tục bao gồm những cơ quan nào?","['Các cơ quan thực hiện thủ tục đăng ký tàu biển loại nhỏ bao gồm:\n- Cục Hàng hải Việt Nam\n- Cảng vụ hàng hải\n- Chi cục Hàng hải', '\nTrong thủ tục đăng ký tàu biển loại nhỏ, các cơ quan thực hiện thủ tục bao gồm Cục Hàng hải Việt Nam, Cảng vụ hàng hải, Chi cục Hàng hải. ', 'Cục Hàng hải Việt Nam, Cảng vụ hàng hải, Chi cục Hàng hải là các cơ quan thực hiện thủ tục đăng ký tàu biển loại nhỏ.']"
"Chi tiết thủ tục hành chính:
Mã thủ tục:
1.002564
Số quyết định:
3904/QĐ-BYT
Tên thủ tục:
Cấp giấy xác nhận nội dung quảng cáo hóa chất, chế phẩm diệt côn trùng, diệt khuẩn dùng trong lĩnh vực gia dụng và y tế
Cấp thực hiện:
Cấp Bộ
Loại thủ tục:
TTHC được luật giao quy định chi tiết
Lĩnh vực:
Y tế Dự phòng
Trình tự thực hiện:
Bước 1: Tổ chức đề nghị xác nhận nội dung quảng cáo nộp hồ sơ tại Cục Quản lý Môi trường y tế, Bộ Y tế.
Bước 2: Trường hợp hồ sơ chưa hợp lệ, trong thời gian 05 ngày làm việc kể từ ngày nhận hồ sơ theo dấu tiếp nhận công văn đến của cơ quan tiếp nhận hồ sơ, cơ quan tiếp nhận hồ sơ có văn bản đề nghị đơn vị sửa đổi, bổ sung. Thời gian để tổ chức đề nghị xác nhận nội dung quảng cáo sửa đổi, bổ sung hoàn chỉnh hồ sơ theo yêu cầu tối đa là 90 ngày kể từ ngày nhận được văn bản thông báo sửa đổi, bổ sung của cơ quan tiếp nhận hồ sơ. Quá thời hạn này thì hồ sơ đề nghị xác nhận nội dung quảng cáo hết giá trị.
Bước 3: Trong thời gian 10 ngày làm việc kể từ ngày nhận đủ hồ sơ hợp lệ theo dấu tiếp nhận công văn đến của cơ quan tiếp nhận hồ sơ, cơ quan nhà nước có thẩm quyền cấp giấy xác nhận nội dung quảng cáo. Trường hợp không cấp giấy xác nhận nội dung quảng cáo, cơ quan nhà nước có thẩm quyền phải trả lời bằng văn bản và nêu rõ lý do không cấp.
Bước 4. Đối với quảng cáo thông qua hình thức hội thảo, hội nghị, tổ chức sự kiện:
a) Trước khi tiến hành việc quảng cáo ít nhất 02 ngày làm việc, tổ chức, cá nhân có sản phẩm, hàng hóa, dịch vụ đặc biệt thuộc lĩnh vực quản lý của Bộ Y tế đã được cơ quan có thẩm quyền của Bộ Y tế cấp giấy xác nhận nội dung quảng cáo đối với hình thức hội thảo, hội nghị, tổ chức sự kiện phải có văn bản thông báo về hình thức, thời gian và địa điểm quảng cáo kèm theo bản sao giấy xác nhận nội dung quảng cáo, mẫu quảng cáo hoặc kịch bản quảng cáo đã được duyệt cho Sở Y tế nơi tổ chức quảng cáo để thanh tra, kiểm tra trong trường hợp cần thiết;
b) Trường hợp có thay đổi về địa điểm, thời gian tổ chức hội thảo, hội nghị, tổ chức sự kiện so với nội dung ghi trên giấy xác nhận nội dung quảng cáo, tổ chức, cá nhân có sản phẩm, hàng hóa, dịch vụ quảng cáo phải thông báo tới Sở Y tế địa phương.
Cách thức thực hiện:
|Hình thức nộp|Thời hạn giải quyết|Phí, lệ phí|Mô tả|
|--|--|--|-|
|Trực tiếp|10 Ngày làm việc|Lệ phí : 1.000.000 Đồng (Theo Thông tư số 03/2013/TT-BTC ngày 08/01/2013 quy định phí thẩm định kinh doanh thương mại có điều kiện; thẩm định tiêu chuẩn, điều kiện hành nghề y, dược; lệ phí cấp giấy phép xuất, nhập khẩu trang thiết bị y tế, dược phẩm; cấp chứng chỉ hành nghề y; cấp giấy phép hoạt động đối với cơ sở khám, chữa bệnh.)|10 ngày làm việc kể từ ngày nhận được hồ sơ đầy đủ, hợp lệ theo dấu tiếp nhận công văn đến của cơ quan tiếp nhận hồ sơ|
|Dịch vụ bưu chính|10 Ngày làm việc|Lệ phí : 1.000.000 Đồng (Theo Thông tư số 03/2013/TT-BTC ngày 08/01/2013 quy định phí thẩm định kinh doanh thương mại có điều kiện; thẩm định tiêu chuẩn, điều kiện hành nghề y, dược; lệ phí cấp giấy phép xuất, nhập khẩu trang thiết bị y tế, dược phẩm; cấp chứng chỉ hành nghề y; cấp giấy phép hoạt động đối với cơ sở khám, chữa bệnh.)|10 ngày làm việc kể từ ngày nhận được hồ sơ đầy đủ, hợp lệ theo dấu tiếp nhận công văn đến của cơ quan tiếp nhận hồ sơ|

Thành phần hồ sơ:

Bao gồm
- 01 Bản chính Văn bản đề nghị xác nhận nội dung quảng cáo theo quy định tại Phụ lục 01 ban hành kèm theo Thông tư 09/2015/TT-BYT; ([TT09_2015_TTBYT_Phu luc 01.doc](https://csdl.dichvucong.gov.vn/web/jsp/download_file.jsp?ma='3feab92e6ddfad07'))
- 01 Bản sao Giấy chứng nhận đăng ký kinh doanh của doanh nghiệp hoặc giấy phép thành lập văn phòng đại diện của thư­ơng nhân n­ước ngoài;
 Trường hợp đơn vị đề nghị xác nhận nội dung quảng cáo là đơn vị được ủy quyền thì phải có các giấy tờ sau đây:
- 01 Bản chính Giấy chứng nhận đăng ký kinh doanh hoặc Giấy phép thành lập Văn phòng đại diện của thư­ơng nhân n­ước ngoài của đơn vị được ủy quyền.
- 01 Bản chính Các tài liệu bằng tiếng nước ngoài không phải là tiếng Anh phải dịch ra tiếng Việt và kèm theo tài liệu gốc bằng tiếng nước ngoài. Bản dịch tiếng Việt phải được công chứng theo quy định của pháp luật.
- 01 Bản chính Các giấy tờ trong hồ sơ đề nghị xác nhận nội dung quảng cáo phải còn hiệu lực, là bản sao chứng thực hoặc bản sao có đóng dấu của đơn vị đề nghị xác nhận nội dung quảng cáo. Các tài liệu trong hồ sơ phải có dấu, dấu giáp lai của đơn vị đề nghị xác nhận nội dung quảng cáo;
- 01 Bản chính Mẫu nhãn sản phẩm hoặc mẫu nhãn sản phẩm đã đ­ược cơ quan y tế có thẩm quyền chấp thuận trong trường hợp pháp luật quy định nhãn sản phẩm phải được cơ quan y tế có thẩm quyền duyệt.
- 01 Bản chính Văn bản ủy quyền hợp lệ;
 Tài liệu tham khảo, chứng minh, xác thực thông tin trong nội dung quảng cáo:
- 01 Bản chính Các tài liệu bằng tiếng Anh phải dịch ra tiếng Việt kèm theo tài liệu gốc bằng tiếng Anh. Bản dịch tiếng Việt phải được đóng dấu xác nhận của đơn vị đề nghị xác nhận nội dung quảng cáo;
- 01 Bản chính Mẫu nội dung quảng cáo được trình bày trên khổ giấy A4. Mẫu hình thức quảng cáo ngoài trời khổ lớn có thể trình bày trên khổ giấy A3 hoặc khổ giấy khác và ghi rõ tỷ lệ kích thước so với kích thước thật.
- 01 Bản chính Giấy chứng nhận đăng ký lưu hành hóa chất, chế phẩm diệt côn trùng, diệt khuẩn
- 01 Bản chính Nếu quảng cáo trên báo nói, báo hình thì phải có 01 bản ghi nội dung quảng cáo dự kiến trong đĩa hình, đĩa âm thanh, file mềm kèm theo 03 bản kịch bản dự kiến quảng cáo, trong đó miêu tả rõ nội dung, phương tiện dự kiến quảng cáo, phần hình ảnh (đối với báo hình), phần lời, phần nhạc;
- 01 Bản chính Nếu quảng cáo trên các phương tiện quảng cáo không phải báo nói, báo hình thì phải có 03 bản ma-két nội dung dự kiến quảng cáo in mầu kèm theo file mềm ghi nội dung dự kiến quảng cáo;
- 01 Bản chính Nếu quảng cáo thông qua hội thảo, hội nghị, tổ chức sự kiện: Ngoài các tài liệu quy định tại điểm này phải có các tài liệu: mẫu quảng cáo sử dụng trong chương trình đã được cơ quan có thẩm quyền phê duyệt còn hiệu lực (trong trường hợp mẫu quảng cáo đã được duyệt nội dung), chương trình có ghi rõ tên nội dung báo cáo, thời gian (ngày/tháng/năm), địa điểm tổ chức (địa chỉ cụ thể); nội dung bài báo cáo và tài liệu trình bày, phát cho người dự; bảng kê tên, chức danh khoa học, trình độ chuyên môn của báo cáo viên

Đối tượng thực hiện:
Doanh nghiệp, Doanh nghiệp có vốn đầu tư nước ngoài, Tổ chức (không bao gồm doanh nghiệp, HTX), Hợp tác xã
Cơ quan thực hiện:
Cục Quản lý Môi trường Y tế - Bộ Y tế
Cơ quan có thẩm quyền:
Không có thông tin
Địa chỉ tiếp nhận HS:
Cục Quản lý Môi trường y tế
Cơ quan được ủy quyền:
Không có thông tin
Cơ quan phối hợp:
Không có thông tin
Kết quả thực hiện:
Giấy xác nhận nội dung quảng cáo
Căn cứ pháp lý:
|Số ký hiệu|Trích yếu|Ngày ban hành|Cơ quan ban hành|
|--|--|--|-|
|03/2013/TT-BTC|Thông tư 03/2013/TT-BTC - Quy định phí thẩm định kinh doanh thương mại có điều kiện; thẩm định tiêu chuẩn, điều kiện hành nghề y, dược; lệ phí cấp giấy phép xuất, nhập khẩu trang thiết bị y tế, dược phẩm; cấp chứng chỉ hành nghề y; cấp giấy phép hoạt động đối với cơ sở khám, chữa bệnh|08-01-2013|Bộ Tài chính|
|16/2012/QH13|Luật 16/2012/QH13-Quảng cáo|21-06-2012|Quốc Hội|
|09/2015/TT-BYT|Thông tư 09/2015/TT-BYT - Quy định về xác nhận nội dung quảng cáo đối với sản phẩm, hàng hóa, dịch vụ đặc biệt thuộc lĩnh vực quản lý của Bộ Y tế|25-05-2015|Bộ Y tế|
|181/2013/NĐ-CP|Nghị định 181/2013/NĐ-CP - Quy định chi tiết thi hành một số điều của Luật Quảng Cáo|14-11-2013|Chính phủ|
|06/2007/QH12|Luật 06/2007/QH12 - Hóa chất|21-11-2007|Quốc Hội|

Yêu cầu, điều kiện thực hiện:
Điều 4. Thông tư số 09/2015/TT-BYT: Điều kiện chung để xác nhận nội dung quảng cáo
1. Nội dung quảng cáo phải bảo đảm đúng các quy định của pháp luật về quảng cáo, không có hành vi bị cấm quy định tại Điều 8 của Luật quảng cáo.
2. Tiếng nói, chữ viết, hình ảnh trong quảng cáo phải bảo đảm ngắn gọn, thông dụng, đúng quy định tại Điều 18 của Luật quảng cáo. Cỡ chữ nhỏ nhất trong nội dung quảng cáo phải bảo đảm tỷ lệ đủ lớn để có thể đọc được trong điều kiện bình thường và không được nhỏ hơn tỷ lệ tương đương cỡ chữ Vntime hoặc Times New Roman 12 trên khổ giấy A4.
Điều 8. Thông tư số 09/2015/TT-BYT: Điều kiện xác nhận nội dung quảng cáo hóa chất, chế phẩm diệt côn trùng, diệt khuẩn dùng trong lĩnh vực gia dụng và y tế
1. Phải đủ điều kiện quảng cáo quy định tại Điểm c Khoản 4 Điều 20 của Luật quảng cáo.
2. Nội dung quảng cáo phải theo đúng quy định tại Điều 6 Nghị định số 181/2013/NĐ-CP.
3. Có đủ hồ sơ theo quy định tại Điều 17 Thông tư này.
4. Đơn vị đề nghị xác nhận nội dung quảng cáo là đơn vị đứng tên trên giấy chứng nhận đăng ký lưu hành sản phẩm hoặc đơn vị có tư cách pháp nhân được đơn vị đứng tên trên giấy chứng nhận đăng ký lưu hành sản phẩm ủy quyền bằng văn bản.
Điều 4. Thông tư số 09/2015/TT-BYT: Điều kiện chung để xác nhận nội dung quảng cáo
1. Nội dung quảng cáo phải bảo đảm đúng các quy định của pháp luật về quảng cáo, không có hành vi bị cấm quy định tại Điều 8 của Luật quảng cáo.
2. Tiếng nói, chữ viết, hình ảnh trong quảng cáo phải bảo đảm ngắn gọn, thông dụng, đúng quy định tại Điều 18 của Luật quảng cáo. Cỡ chữ nhỏ nhất trong nội dung quảng cáo phải bảo đảm tỷ lệ đủ lớn để có thể đọc được trong điều kiện bình thường và không được nhỏ hơn tỷ lệ tương đương cỡ chữ Vntime hoặc Times New Roman 12 trên khổ giấy A4.
Điều 8. Thông tư số 09/2015/TT-BYT: Điều kiện xác nhận nội dung quảng cáo hóa chất, chế phẩm diệt côn trùng, diệt khuẩn dùng trong lĩnh vực gia dụng và y tế
1. Phải đủ điều kiện quảng cáo quy định tại Điểm c Khoản 4 Điều 20 của Luật quảng cáo.
2. Nội dung quảng cáo phải theo đúng quy định tại Điều 6 Nghị định số 181/2013/NĐ-CP.
3. Có đủ hồ sơ theo quy định tại Điều 17 Thông tư này.
4. Đơn vị đề nghị xác nhận nội dung quảng cáo là đơn vị đứng tên trên giấy chứng nhận đăng ký lưu hành sản phẩm hoặc đơn vị có tư cách pháp nhân được đơn vị đứng tên trên giấy chứng nhận đăng ký lưu hành sản phẩm ủy quyền bằng văn bản.
Từ khóa:
Không có thông tin
Mô tả:
Không có thông tin
","Trong thủ tục Cấp giấy xác nhận nội dung quảng cáo hóa chất, chế phẩm diệt côn trùng, diệt khuẩn dùng trong lĩnh vực gia dụng và y tế, thời gian để tổ chức đề nghị xác nhận nội dung quảng cáo sửa đổi, bổ sung hoàn chỉnh hồ sơ theo yêu cầu là bao lâu?","['Thời gian để tổ chức đề nghị xác nhận nội dung quảng cáo sửa đổi, bổ sung hoàn chỉnh hồ sơ theo yêu cầu tối đa là 90 ngày kể từ ngày nhận được văn bản thông báo sửa đổi, bổ sung của cơ quan tiếp nhận hồ sơ. Quá thời hạn này thì hồ sơ đề nghị xác nhận nội dung quảng cáo hết giá trị.', '\nTrong thủ tục Cấp giấy xác nhận nội dung quảng cáo hóa chất, chế phẩm diệt côn trùng, diệt khuẩn dùng trong lĩnh vực gia dụng và y tế, thời gian để tổ chức đề nghị xác nhận nội dung quảng cáo sửa đổi, bổ sung hoàn chỉnh hồ sơ theo yêu cầu tối đa là 90 ngày kể từ ngày nhận được văn bản thông báo sửa đổi, bổ sung của cơ quan tiếp nhận hồ sơ. ', '90 ngày']"
"Chi tiết thủ tục hành chính:
Mã thủ tục:
1.002564
Số quyết định:
3904/QĐ-BYT
Tên thủ tục:
Cấp giấy xác nhận nội dung quảng cáo hóa chất, chế phẩm diệt côn trùng, diệt khuẩn dùng trong lĩnh vực gia dụng và y tế
Cấp thực hiện:
Cấp Bộ
Loại thủ tục:
TTHC được luật giao quy định chi tiết
Lĩnh vực:
Y tế Dự phòng
Trình tự thực hiện:
Bước 1: Tổ chức đề nghị xác nhận nội dung quảng cáo nộp hồ sơ tại Cục Quản lý Môi trường y tế, Bộ Y tế.
Bước 2: Trường hợp hồ sơ chưa hợp lệ, trong thời gian 05 ngày làm việc kể từ ngày nhận hồ sơ theo dấu tiếp nhận công văn đến của cơ quan tiếp nhận hồ sơ, cơ quan tiếp nhận hồ sơ có văn bản đề nghị đơn vị sửa đổi, bổ sung. Thời gian để tổ chức đề nghị xác nhận nội dung quảng cáo sửa đổi, bổ sung hoàn chỉnh hồ sơ theo yêu cầu tối đa là 90 ngày kể từ ngày nhận được văn bản thông báo sửa đổi, bổ sung của cơ quan tiếp nhận hồ sơ. Quá thời hạn này thì hồ sơ đề nghị xác nhận nội dung quảng cáo hết giá trị.
Bước 3: Trong thời gian 10 ngày làm việc kể từ ngày nhận đủ hồ sơ hợp lệ theo dấu tiếp nhận công văn đến của cơ quan tiếp nhận hồ sơ, cơ quan nhà nước có thẩm quyền cấp giấy xác nhận nội dung quảng cáo. Trường hợp không cấp giấy xác nhận nội dung quảng cáo, cơ quan nhà nước có thẩm quyền phải trả lời bằng văn bản và nêu rõ lý do không cấp.
Bước 4. Đối với quảng cáo thông qua hình thức hội thảo, hội nghị, tổ chức sự kiện:
a) Trước khi tiến hành việc quảng cáo ít nhất 02 ngày làm việc, tổ chức, cá nhân có sản phẩm, hàng hóa, dịch vụ đặc biệt thuộc lĩnh vực quản lý của Bộ Y tế đã được cơ quan có thẩm quyền của Bộ Y tế cấp giấy xác nhận nội dung quảng cáo đối với hình thức hội thảo, hội nghị, tổ chức sự kiện phải có văn bản thông báo về hình thức, thời gian và địa điểm quảng cáo kèm theo bản sao giấy xác nhận nội dung quảng cáo, mẫu quảng cáo hoặc kịch bản quảng cáo đã được duyệt cho Sở Y tế nơi tổ chức quảng cáo để thanh tra, kiểm tra trong trường hợp cần thiết;
b) Trường hợp có thay đổi về địa điểm, thời gian tổ chức hội thảo, hội nghị, tổ chức sự kiện so với nội dung ghi trên giấy xác nhận nội dung quảng cáo, tổ chức, cá nhân có sản phẩm, hàng hóa, dịch vụ quảng cáo phải thông báo tới Sở Y tế địa phương.
Cách thức thực hiện:
|Hình thức nộp|Thời hạn giải quyết|Phí, lệ phí|Mô tả|
|--|--|--|-|
|Trực tiếp|10 Ngày làm việc|Lệ phí : 1.000.000 Đồng (Theo Thông tư số 03/2013/TT-BTC ngày 08/01/2013 quy định phí thẩm định kinh doanh thương mại có điều kiện; thẩm định tiêu chuẩn, điều kiện hành nghề y, dược; lệ phí cấp giấy phép xuất, nhập khẩu trang thiết bị y tế, dược phẩm; cấp chứng chỉ hành nghề y; cấp giấy phép hoạt động đối với cơ sở khám, chữa bệnh.)|10 ngày làm việc kể từ ngày nhận được hồ sơ đầy đủ, hợp lệ theo dấu tiếp nhận công văn đến của cơ quan tiếp nhận hồ sơ|
|Dịch vụ bưu chính|10 Ngày làm việc|Lệ phí : 1.000.000 Đồng (Theo Thông tư số 03/2013/TT-BTC ngày 08/01/2013 quy định phí thẩm định kinh doanh thương mại có điều kiện; thẩm định tiêu chuẩn, điều kiện hành nghề y, dược; lệ phí cấp giấy phép xuất, nhập khẩu trang thiết bị y tế, dược phẩm; cấp chứng chỉ hành nghề y; cấp giấy phép hoạt động đối với cơ sở khám, chữa bệnh.)|10 ngày làm việc kể từ ngày nhận được hồ sơ đầy đủ, hợp lệ theo dấu tiếp nhận công văn đến của cơ quan tiếp nhận hồ sơ|

Thành phần hồ sơ:

Bao gồm
- 01 Bản chính Văn bản đề nghị xác nhận nội dung quảng cáo theo quy định tại Phụ lục 01 ban hành kèm theo Thông tư 09/2015/TT-BYT; ([TT09_2015_TTBYT_Phu luc 01.doc](https://csdl.dichvucong.gov.vn/web/jsp/download_file.jsp?ma='3feab92e6ddfad07'))
- 01 Bản sao Giấy chứng nhận đăng ký kinh doanh của doanh nghiệp hoặc giấy phép thành lập văn phòng đại diện của thư­ơng nhân n­ước ngoài;
 Trường hợp đơn vị đề nghị xác nhận nội dung quảng cáo là đơn vị được ủy quyền thì phải có các giấy tờ sau đây:
- 01 Bản chính Giấy chứng nhận đăng ký kinh doanh hoặc Giấy phép thành lập Văn phòng đại diện của thư­ơng nhân n­ước ngoài của đơn vị được ủy quyền.
- 01 Bản chính Các tài liệu bằng tiếng nước ngoài không phải là tiếng Anh phải dịch ra tiếng Việt và kèm theo tài liệu gốc bằng tiếng nước ngoài. Bản dịch tiếng Việt phải được công chứng theo quy định của pháp luật.
- 01 Bản chính Các giấy tờ trong hồ sơ đề nghị xác nhận nội dung quảng cáo phải còn hiệu lực, là bản sao chứng thực hoặc bản sao có đóng dấu của đơn vị đề nghị xác nhận nội dung quảng cáo. Các tài liệu trong hồ sơ phải có dấu, dấu giáp lai của đơn vị đề nghị xác nhận nội dung quảng cáo;
- 01 Bản chính Mẫu nhãn sản phẩm hoặc mẫu nhãn sản phẩm đã đ­ược cơ quan y tế có thẩm quyền chấp thuận trong trường hợp pháp luật quy định nhãn sản phẩm phải được cơ quan y tế có thẩm quyền duyệt.
- 01 Bản chính Văn bản ủy quyền hợp lệ;
 Tài liệu tham khảo, chứng minh, xác thực thông tin trong nội dung quảng cáo:
- 01 Bản chính Các tài liệu bằng tiếng Anh phải dịch ra tiếng Việt kèm theo tài liệu gốc bằng tiếng Anh. Bản dịch tiếng Việt phải được đóng dấu xác nhận của đơn vị đề nghị xác nhận nội dung quảng cáo;
- 01 Bản chính Mẫu nội dung quảng cáo được trình bày trên khổ giấy A4. Mẫu hình thức quảng cáo ngoài trời khổ lớn có thể trình bày trên khổ giấy A3 hoặc khổ giấy khác và ghi rõ tỷ lệ kích thước so với kích thước thật.
- 01 Bản chính Giấy chứng nhận đăng ký lưu hành hóa chất, chế phẩm diệt côn trùng, diệt khuẩn
- 01 Bản chính Nếu quảng cáo trên báo nói, báo hình thì phải có 01 bản ghi nội dung quảng cáo dự kiến trong đĩa hình, đĩa âm thanh, file mềm kèm theo 03 bản kịch bản dự kiến quảng cáo, trong đó miêu tả rõ nội dung, phương tiện dự kiến quảng cáo, phần hình ảnh (đối với báo hình), phần lời, phần nhạc;
- 01 Bản chính Nếu quảng cáo trên các phương tiện quảng cáo không phải báo nói, báo hình thì phải có 03 bản ma-két nội dung dự kiến quảng cáo in mầu kèm theo file mềm ghi nội dung dự kiến quảng cáo;
- 01 Bản chính Nếu quảng cáo thông qua hội thảo, hội nghị, tổ chức sự kiện: Ngoài các tài liệu quy định tại điểm này phải có các tài liệu: mẫu quảng cáo sử dụng trong chương trình đã được cơ quan có thẩm quyền phê duyệt còn hiệu lực (trong trường hợp mẫu quảng cáo đã được duyệt nội dung), chương trình có ghi rõ tên nội dung báo cáo, thời gian (ngày/tháng/năm), địa điểm tổ chức (địa chỉ cụ thể); nội dung bài báo cáo và tài liệu trình bày, phát cho người dự; bảng kê tên, chức danh khoa học, trình độ chuyên môn của báo cáo viên

Đối tượng thực hiện:
Doanh nghiệp, Doanh nghiệp có vốn đầu tư nước ngoài, Tổ chức (không bao gồm doanh nghiệp, HTX), Hợp tác xã
Cơ quan thực hiện:
Cục Quản lý Môi trường Y tế - Bộ Y tế
Cơ quan có thẩm quyền:
Không có thông tin
Địa chỉ tiếp nhận HS:
Cục Quản lý Môi trường y tế
Cơ quan được ủy quyền:
Không có thông tin
Cơ quan phối hợp:
Không có thông tin
Kết quả thực hiện:
Giấy xác nhận nội dung quảng cáo
Căn cứ pháp lý:
|Số ký hiệu|Trích yếu|Ngày ban hành|Cơ quan ban hành|
|--|--|--|-|
|03/2013/TT-BTC|Thông tư 03/2013/TT-BTC - Quy định phí thẩm định kinh doanh thương mại có điều kiện; thẩm định tiêu chuẩn, điều kiện hành nghề y, dược; lệ phí cấp giấy phép xuất, nhập khẩu trang thiết bị y tế, dược phẩm; cấp chứng chỉ hành nghề y; cấp giấy phép hoạt động đối với cơ sở khám, chữa bệnh|08-01-2013|Bộ Tài chính|
|16/2012/QH13|Luật 16/2012/QH13-Quảng cáo|21-06-2012|Quốc Hội|
|09/2015/TT-BYT|Thông tư 09/2015/TT-BYT - Quy định về xác nhận nội dung quảng cáo đối với sản phẩm, hàng hóa, dịch vụ đặc biệt thuộc lĩnh vực quản lý của Bộ Y tế|25-05-2015|Bộ Y tế|
|181/2013/NĐ-CP|Nghị định 181/2013/NĐ-CP - Quy định chi tiết thi hành một số điều của Luật Quảng Cáo|14-11-2013|Chính phủ|
|06/2007/QH12|Luật 06/2007/QH12 - Hóa chất|21-11-2007|Quốc Hội|

Yêu cầu, điều kiện thực hiện:
Điều 4. Thông tư số 09/2015/TT-BYT: Điều kiện chung để xác nhận nội dung quảng cáo
1. Nội dung quảng cáo phải bảo đảm đúng các quy định của pháp luật về quảng cáo, không có hành vi bị cấm quy định tại Điều 8 của Luật quảng cáo.
2. Tiếng nói, chữ viết, hình ảnh trong quảng cáo phải bảo đảm ngắn gọn, thông dụng, đúng quy định tại Điều 18 của Luật quảng cáo. Cỡ chữ nhỏ nhất trong nội dung quảng cáo phải bảo đảm tỷ lệ đủ lớn để có thể đọc được trong điều kiện bình thường và không được nhỏ hơn tỷ lệ tương đương cỡ chữ Vntime hoặc Times New Roman 12 trên khổ giấy A4.
Điều 8. Thông tư số 09/2015/TT-BYT: Điều kiện xác nhận nội dung quảng cáo hóa chất, chế phẩm diệt côn trùng, diệt khuẩn dùng trong lĩnh vực gia dụng và y tế
1. Phải đủ điều kiện quảng cáo quy định tại Điểm c Khoản 4 Điều 20 của Luật quảng cáo.
2. Nội dung quảng cáo phải theo đúng quy định tại Điều 6 Nghị định số 181/2013/NĐ-CP.
3. Có đủ hồ sơ theo quy định tại Điều 17 Thông tư này.
4. Đơn vị đề nghị xác nhận nội dung quảng cáo là đơn vị đứng tên trên giấy chứng nhận đăng ký lưu hành sản phẩm hoặc đơn vị có tư cách pháp nhân được đơn vị đứng tên trên giấy chứng nhận đăng ký lưu hành sản phẩm ủy quyền bằng văn bản.
Điều 4. Thông tư số 09/2015/TT-BYT: Điều kiện chung để xác nhận nội dung quảng cáo
1. Nội dung quảng cáo phải bảo đảm đúng các quy định của pháp luật về quảng cáo, không có hành vi bị cấm quy định tại Điều 8 của Luật quảng cáo.
2. Tiếng nói, chữ viết, hình ảnh trong quảng cáo phải bảo đảm ngắn gọn, thông dụng, đúng quy định tại Điều 18 của Luật quảng cáo. Cỡ chữ nhỏ nhất trong nội dung quảng cáo phải bảo đảm tỷ lệ đủ lớn để có thể đọc được trong điều kiện bình thường và không được nhỏ hơn tỷ lệ tương đương cỡ chữ Vntime hoặc Times New Roman 12 trên khổ giấy A4.
Điều 8. Thông tư số 09/2015/TT-BYT: Điều kiện xác nhận nội dung quảng cáo hóa chất, chế phẩm diệt côn trùng, diệt khuẩn dùng trong lĩnh vực gia dụng và y tế
1. Phải đủ điều kiện quảng cáo quy định tại Điểm c Khoản 4 Điều 20 của Luật quảng cáo.
2. Nội dung quảng cáo phải theo đúng quy định tại Điều 6 Nghị định số 181/2013/NĐ-CP.
3. Có đủ hồ sơ theo quy định tại Điều 17 Thông tư này.
4. Đơn vị đề nghị xác nhận nội dung quảng cáo là đơn vị đứng tên trên giấy chứng nhận đăng ký lưu hành sản phẩm hoặc đơn vị có tư cách pháp nhân được đơn vị đứng tên trên giấy chứng nhận đăng ký lưu hành sản phẩm ủy quyền bằng văn bản.
Từ khóa:
Không có thông tin
Mô tả:
Không có thông tin
","Trong thủ tục Cấp giấy xác nhận nội dung quảng cáo hóa chất, chế phẩm diệt côn trùng, diệt khuẩn dùng trong lĩnh vực gia dụng và y tế, thời gian cơ quan nhà nước có thẩm quyền cấp giấy xác nhận nội dung quảng cáo sau khi nhận đủ hồ sơ hợp lệ là bao lâu?","['Trong thời gian 10 ngày làm việc kể từ ngày nhận đủ hồ sơ hợp lệ theo dấu tiếp nhận công văn đến của cơ quan tiếp nhận hồ sơ, cơ quan nhà nước có thẩm quyền cấp giấy xác nhận nội dung quảng cáo. Trường hợp không cấp giấy xác nhận nội dung quảng cáo, cơ quan nhà nước có thẩm quyền phải trả lời bằng văn bản và nêu rõ lý do không cấp.', '\nTrong thủ tục Cấp giấy xác nhận nội dung quảng cáo hóa chất, chế phẩm diệt côn trùng, diệt khuẩn dùng trong lĩnh vực gia dụng và y tế, thời gian cơ quan nhà nước có thẩm quyền cấp giấy xác nhận nội dung quảng cáo sau khi nhận đủ hồ sơ hợp lệ là trong thời gian 10 ngày làm việc. ', '10 ngày làm việc']"
"Chi tiết thủ tục hành chính:
Mã thủ tục:
1.002564
Số quyết định:
3904/QĐ-BYT
Tên thủ tục:
Cấp giấy xác nhận nội dung quảng cáo hóa chất, chế phẩm diệt côn trùng, diệt khuẩn dùng trong lĩnh vực gia dụng và y tế
Cấp thực hiện:
Cấp Bộ
Loại thủ tục:
TTHC được luật giao quy định chi tiết
Lĩnh vực:
Y tế Dự phòng
Trình tự thực hiện:
Bước 1: Tổ chức đề nghị xác nhận nội dung quảng cáo nộp hồ sơ tại Cục Quản lý Môi trường y tế, Bộ Y tế.
Bước 2: Trường hợp hồ sơ chưa hợp lệ, trong thời gian 05 ngày làm việc kể từ ngày nhận hồ sơ theo dấu tiếp nhận công văn đến của cơ quan tiếp nhận hồ sơ, cơ quan tiếp nhận hồ sơ có văn bản đề nghị đơn vị sửa đổi, bổ sung. Thời gian để tổ chức đề nghị xác nhận nội dung quảng cáo sửa đổi, bổ sung hoàn chỉnh hồ sơ theo yêu cầu tối đa là 90 ngày kể từ ngày nhận được văn bản thông báo sửa đổi, bổ sung của cơ quan tiếp nhận hồ sơ. Quá thời hạn này thì hồ sơ đề nghị xác nhận nội dung quảng cáo hết giá trị.
Bước 3: Trong thời gian 10 ngày làm việc kể từ ngày nhận đủ hồ sơ hợp lệ theo dấu tiếp nhận công văn đến của cơ quan tiếp nhận hồ sơ, cơ quan nhà nước có thẩm quyền cấp giấy xác nhận nội dung quảng cáo. Trường hợp không cấp giấy xác nhận nội dung quảng cáo, cơ quan nhà nước có thẩm quyền phải trả lời bằng văn bản và nêu rõ lý do không cấp.
Bước 4. Đối với quảng cáo thông qua hình thức hội thảo, hội nghị, tổ chức sự kiện:
a) Trước khi tiến hành việc quảng cáo ít nhất 02 ngày làm việc, tổ chức, cá nhân có sản phẩm, hàng hóa, dịch vụ đặc biệt thuộc lĩnh vực quản lý của Bộ Y tế đã được cơ quan có thẩm quyền của Bộ Y tế cấp giấy xác nhận nội dung quảng cáo đối với hình thức hội thảo, hội nghị, tổ chức sự kiện phải có văn bản thông báo về hình thức, thời gian và địa điểm quảng cáo kèm theo bản sao giấy xác nhận nội dung quảng cáo, mẫu quảng cáo hoặc kịch bản quảng cáo đã được duyệt cho Sở Y tế nơi tổ chức quảng cáo để thanh tra, kiểm tra trong trường hợp cần thiết;
b) Trường hợp có thay đổi về địa điểm, thời gian tổ chức hội thảo, hội nghị, tổ chức sự kiện so với nội dung ghi trên giấy xác nhận nội dung quảng cáo, tổ chức, cá nhân có sản phẩm, hàng hóa, dịch vụ quảng cáo phải thông báo tới Sở Y tế địa phương.
Cách thức thực hiện:
|Hình thức nộp|Thời hạn giải quyết|Phí, lệ phí|Mô tả|
|--|--|--|-|
|Trực tiếp|10 Ngày làm việc|Lệ phí : 1.000.000 Đồng (Theo Thông tư số 03/2013/TT-BTC ngày 08/01/2013 quy định phí thẩm định kinh doanh thương mại có điều kiện; thẩm định tiêu chuẩn, điều kiện hành nghề y, dược; lệ phí cấp giấy phép xuất, nhập khẩu trang thiết bị y tế, dược phẩm; cấp chứng chỉ hành nghề y; cấp giấy phép hoạt động đối với cơ sở khám, chữa bệnh.)|10 ngày làm việc kể từ ngày nhận được hồ sơ đầy đủ, hợp lệ theo dấu tiếp nhận công văn đến của cơ quan tiếp nhận hồ sơ|
|Dịch vụ bưu chính|10 Ngày làm việc|Lệ phí : 1.000.000 Đồng (Theo Thông tư số 03/2013/TT-BTC ngày 08/01/2013 quy định phí thẩm định kinh doanh thương mại có điều kiện; thẩm định tiêu chuẩn, điều kiện hành nghề y, dược; lệ phí cấp giấy phép xuất, nhập khẩu trang thiết bị y tế, dược phẩm; cấp chứng chỉ hành nghề y; cấp giấy phép hoạt động đối với cơ sở khám, chữa bệnh.)|10 ngày làm việc kể từ ngày nhận được hồ sơ đầy đủ, hợp lệ theo dấu tiếp nhận công văn đến của cơ quan tiếp nhận hồ sơ|

Thành phần hồ sơ:

Bao gồm
- 01 Bản chính Văn bản đề nghị xác nhận nội dung quảng cáo theo quy định tại Phụ lục 01 ban hành kèm theo Thông tư 09/2015/TT-BYT; ([TT09_2015_TTBYT_Phu luc 01.doc](https://csdl.dichvucong.gov.vn/web/jsp/download_file.jsp?ma='3feab92e6ddfad07'))
- 01 Bản sao Giấy chứng nhận đăng ký kinh doanh của doanh nghiệp hoặc giấy phép thành lập văn phòng đại diện của thư­ơng nhân n­ước ngoài;
 Trường hợp đơn vị đề nghị xác nhận nội dung quảng cáo là đơn vị được ủy quyền thì phải có các giấy tờ sau đây:
- 01 Bản chính Giấy chứng nhận đăng ký kinh doanh hoặc Giấy phép thành lập Văn phòng đại diện của thư­ơng nhân n­ước ngoài của đơn vị được ủy quyền.
- 01 Bản chính Các tài liệu bằng tiếng nước ngoài không phải là tiếng Anh phải dịch ra tiếng Việt và kèm theo tài liệu gốc bằng tiếng nước ngoài. Bản dịch tiếng Việt phải được công chứng theo quy định của pháp luật.
- 01 Bản chính Các giấy tờ trong hồ sơ đề nghị xác nhận nội dung quảng cáo phải còn hiệu lực, là bản sao chứng thực hoặc bản sao có đóng dấu của đơn vị đề nghị xác nhận nội dung quảng cáo. Các tài liệu trong hồ sơ phải có dấu, dấu giáp lai của đơn vị đề nghị xác nhận nội dung quảng cáo;
- 01 Bản chính Mẫu nhãn sản phẩm hoặc mẫu nhãn sản phẩm đã đ­ược cơ quan y tế có thẩm quyền chấp thuận trong trường hợp pháp luật quy định nhãn sản phẩm phải được cơ quan y tế có thẩm quyền duyệt.
- 01 Bản chính Văn bản ủy quyền hợp lệ;
 Tài liệu tham khảo, chứng minh, xác thực thông tin trong nội dung quảng cáo:
- 01 Bản chính Các tài liệu bằng tiếng Anh phải dịch ra tiếng Việt kèm theo tài liệu gốc bằng tiếng Anh. Bản dịch tiếng Việt phải được đóng dấu xác nhận của đơn vị đề nghị xác nhận nội dung quảng cáo;
- 01 Bản chính Mẫu nội dung quảng cáo được trình bày trên khổ giấy A4. Mẫu hình thức quảng cáo ngoài trời khổ lớn có thể trình bày trên khổ giấy A3 hoặc khổ giấy khác và ghi rõ tỷ lệ kích thước so với kích thước thật.
- 01 Bản chính Giấy chứng nhận đăng ký lưu hành hóa chất, chế phẩm diệt côn trùng, diệt khuẩn
- 01 Bản chính Nếu quảng cáo trên báo nói, báo hình thì phải có 01 bản ghi nội dung quảng cáo dự kiến trong đĩa hình, đĩa âm thanh, file mềm kèm theo 03 bản kịch bản dự kiến quảng cáo, trong đó miêu tả rõ nội dung, phương tiện dự kiến quảng cáo, phần hình ảnh (đối với báo hình), phần lời, phần nhạc;
- 01 Bản chính Nếu quảng cáo trên các phương tiện quảng cáo không phải báo nói, báo hình thì phải có 03 bản ma-két nội dung dự kiến quảng cáo in mầu kèm theo file mềm ghi nội dung dự kiến quảng cáo;
- 01 Bản chính Nếu quảng cáo thông qua hội thảo, hội nghị, tổ chức sự kiện: Ngoài các tài liệu quy định tại điểm này phải có các tài liệu: mẫu quảng cáo sử dụng trong chương trình đã được cơ quan có thẩm quyền phê duyệt còn hiệu lực (trong trường hợp mẫu quảng cáo đã được duyệt nội dung), chương trình có ghi rõ tên nội dung báo cáo, thời gian (ngày/tháng/năm), địa điểm tổ chức (địa chỉ cụ thể); nội dung bài báo cáo và tài liệu trình bày, phát cho người dự; bảng kê tên, chức danh khoa học, trình độ chuyên môn của báo cáo viên

Đối tượng thực hiện:
Doanh nghiệp, Doanh nghiệp có vốn đầu tư nước ngoài, Tổ chức (không bao gồm doanh nghiệp, HTX), Hợp tác xã
Cơ quan thực hiện:
Cục Quản lý Môi trường Y tế - Bộ Y tế
Cơ quan có thẩm quyền:
Không có thông tin
Địa chỉ tiếp nhận HS:
Cục Quản lý Môi trường y tế
Cơ quan được ủy quyền:
Không có thông tin
Cơ quan phối hợp:
Không có thông tin
Kết quả thực hiện:
Giấy xác nhận nội dung quảng cáo
Căn cứ pháp lý:
|Số ký hiệu|Trích yếu|Ngày ban hành|Cơ quan ban hành|
|--|--|--|-|
|03/2013/TT-BTC|Thông tư 03/2013/TT-BTC - Quy định phí thẩm định kinh doanh thương mại có điều kiện; thẩm định tiêu chuẩn, điều kiện hành nghề y, dược; lệ phí cấp giấy phép xuất, nhập khẩu trang thiết bị y tế, dược phẩm; cấp chứng chỉ hành nghề y; cấp giấy phép hoạt động đối với cơ sở khám, chữa bệnh|08-01-2013|Bộ Tài chính|
|16/2012/QH13|Luật 16/2012/QH13-Quảng cáo|21-06-2012|Quốc Hội|
|09/2015/TT-BYT|Thông tư 09/2015/TT-BYT - Quy định về xác nhận nội dung quảng cáo đối với sản phẩm, hàng hóa, dịch vụ đặc biệt thuộc lĩnh vực quản lý của Bộ Y tế|25-05-2015|Bộ Y tế|
|181/2013/NĐ-CP|Nghị định 181/2013/NĐ-CP - Quy định chi tiết thi hành một số điều của Luật Quảng Cáo|14-11-2013|Chính phủ|
|06/2007/QH12|Luật 06/2007/QH12 - Hóa chất|21-11-2007|Quốc Hội|

Yêu cầu, điều kiện thực hiện:
Điều 4. Thông tư số 09/2015/TT-BYT: Điều kiện chung để xác nhận nội dung quảng cáo
1. Nội dung quảng cáo phải bảo đảm đúng các quy định của pháp luật về quảng cáo, không có hành vi bị cấm quy định tại Điều 8 của Luật quảng cáo.
2. Tiếng nói, chữ viết, hình ảnh trong quảng cáo phải bảo đảm ngắn gọn, thông dụng, đúng quy định tại Điều 18 của Luật quảng cáo. Cỡ chữ nhỏ nhất trong nội dung quảng cáo phải bảo đảm tỷ lệ đủ lớn để có thể đọc được trong điều kiện bình thường và không được nhỏ hơn tỷ lệ tương đương cỡ chữ Vntime hoặc Times New Roman 12 trên khổ giấy A4.
Điều 8. Thông tư số 09/2015/TT-BYT: Điều kiện xác nhận nội dung quảng cáo hóa chất, chế phẩm diệt côn trùng, diệt khuẩn dùng trong lĩnh vực gia dụng và y tế
1. Phải đủ điều kiện quảng cáo quy định tại Điểm c Khoản 4 Điều 20 của Luật quảng cáo.
2. Nội dung quảng cáo phải theo đúng quy định tại Điều 6 Nghị định số 181/2013/NĐ-CP.
3. Có đủ hồ sơ theo quy định tại Điều 17 Thông tư này.
4. Đơn vị đề nghị xác nhận nội dung quảng cáo là đơn vị đứng tên trên giấy chứng nhận đăng ký lưu hành sản phẩm hoặc đơn vị có tư cách pháp nhân được đơn vị đứng tên trên giấy chứng nhận đăng ký lưu hành sản phẩm ủy quyền bằng văn bản.
Điều 4. Thông tư số 09/2015/TT-BYT: Điều kiện chung để xác nhận nội dung quảng cáo
1. Nội dung quảng cáo phải bảo đảm đúng các quy định của pháp luật về quảng cáo, không có hành vi bị cấm quy định tại Điều 8 của Luật quảng cáo.
2. Tiếng nói, chữ viết, hình ảnh trong quảng cáo phải bảo đảm ngắn gọn, thông dụng, đúng quy định tại Điều 18 của Luật quảng cáo. Cỡ chữ nhỏ nhất trong nội dung quảng cáo phải bảo đảm tỷ lệ đủ lớn để có thể đọc được trong điều kiện bình thường và không được nhỏ hơn tỷ lệ tương đương cỡ chữ Vntime hoặc Times New Roman 12 trên khổ giấy A4.
Điều 8. Thông tư số 09/2015/TT-BYT: Điều kiện xác nhận nội dung quảng cáo hóa chất, chế phẩm diệt côn trùng, diệt khuẩn dùng trong lĩnh vực gia dụng và y tế
1. Phải đủ điều kiện quảng cáo quy định tại Điểm c Khoản 4 Điều 20 của Luật quảng cáo.
2. Nội dung quảng cáo phải theo đúng quy định tại Điều 6 Nghị định số 181/2013/NĐ-CP.
3. Có đủ hồ sơ theo quy định tại Điều 17 Thông tư này.
4. Đơn vị đề nghị xác nhận nội dung quảng cáo là đơn vị đứng tên trên giấy chứng nhận đăng ký lưu hành sản phẩm hoặc đơn vị có tư cách pháp nhân được đơn vị đứng tên trên giấy chứng nhận đăng ký lưu hành sản phẩm ủy quyền bằng văn bản.
Từ khóa:
Không có thông tin
Mô tả:
Không có thông tin
","Trong thủ tục Cấp giấy xác nhận nội dung quảng cáo hóa chất, chế phẩm diệt côn trùng, diệt khuẩn dùng trong lĩnh vực gia dụng và y tế, nếu quảng cáo thông qua hình thức hội thảo, hội nghị, tổ chức sự kiện, thì tổ chức, cá nhân có sản phẩm, hàng hóa, dịch vụ phải thông báo về hình thức, thời gian và địa điểm quảng cáo cho ai?","['Trước khi tiến hành việc quảng cáo ít nhất 02 ngày làm việc, tổ chức, cá nhân có sản phẩm, hàng hóa, dịch vụ đặc biệt thuộc lĩnh vực quản lý của Bộ Y tế đã được cơ quan có thẩm quyền của Bộ Y tế cấp giấy xác nhận nội dung quảng cáo đối với hình thức hội thảo, hội nghị, tổ chức sự kiện phải có văn bản thông báo về hình thức, thời gian và địa điểm quảng cáo kèm theo bản sao giấy xác nhận nội dung quảng cáo, mẫu quảng cáo hoặc kịch bản quảng cáo đã được duyệt cho Sở Y tế nơi tổ chức quảng cáo để thanh tra, kiểm tra trong trường hợp cần thiết.', '\nTrong thủ tục Cấp giấy xác nhận nội dung quảng cáo hóa chất, chế phẩm diệt côn trùng, diệt khuẩn dùng trong lĩnh vực gia dụng và y tế, nếu quảng cáo thông qua hình thức hội thảo, hội nghị, tổ chức sự kiện, thì tổ chức, cá nhân có sản phẩm, hàng hóa, dịch vụ phải có văn bản thông báo về hình thức, thời gian và địa điểm quảng cáo kèm theo bản sao giấy xác nhận nội dung quảng cáo, mẫu quảng cáo hoặc kịch bản quảng cáo đã được duyệt cho Sở Y tế nơi tổ chức quảng cáo. ', 'Sở Y tế nơi tổ chức quảng cáo']"
"Chi tiết thủ tục hành chính:
Mã thủ tục:
1.002564
Số quyết định:
3904/QĐ-BYT
Tên thủ tục:
Cấp giấy xác nhận nội dung quảng cáo hóa chất, chế phẩm diệt côn trùng, diệt khuẩn dùng trong lĩnh vực gia dụng và y tế
Cấp thực hiện:
Cấp Bộ
Loại thủ tục:
TTHC được luật giao quy định chi tiết
Lĩnh vực:
Y tế Dự phòng
Trình tự thực hiện:
Bước 1: Tổ chức đề nghị xác nhận nội dung quảng cáo nộp hồ sơ tại Cục Quản lý Môi trường y tế, Bộ Y tế.
Bước 2: Trường hợp hồ sơ chưa hợp lệ, trong thời gian 05 ngày làm việc kể từ ngày nhận hồ sơ theo dấu tiếp nhận công văn đến của cơ quan tiếp nhận hồ sơ, cơ quan tiếp nhận hồ sơ có văn bản đề nghị đơn vị sửa đổi, bổ sung. Thời gian để tổ chức đề nghị xác nhận nội dung quảng cáo sửa đổi, bổ sung hoàn chỉnh hồ sơ theo yêu cầu tối đa là 90 ngày kể từ ngày nhận được văn bản thông báo sửa đổi, bổ sung của cơ quan tiếp nhận hồ sơ. Quá thời hạn này thì hồ sơ đề nghị xác nhận nội dung quảng cáo hết giá trị.
Bước 3: Trong thời gian 10 ngày làm việc kể từ ngày nhận đủ hồ sơ hợp lệ theo dấu tiếp nhận công văn đến của cơ quan tiếp nhận hồ sơ, cơ quan nhà nước có thẩm quyền cấp giấy xác nhận nội dung quảng cáo. Trường hợp không cấp giấy xác nhận nội dung quảng cáo, cơ quan nhà nước có thẩm quyền phải trả lời bằng văn bản và nêu rõ lý do không cấp.
Bước 4. Đối với quảng cáo thông qua hình thức hội thảo, hội nghị, tổ chức sự kiện:
a) Trước khi tiến hành việc quảng cáo ít nhất 02 ngày làm việc, tổ chức, cá nhân có sản phẩm, hàng hóa, dịch vụ đặc biệt thuộc lĩnh vực quản lý của Bộ Y tế đã được cơ quan có thẩm quyền của Bộ Y tế cấp giấy xác nhận nội dung quảng cáo đối với hình thức hội thảo, hội nghị, tổ chức sự kiện phải có văn bản thông báo về hình thức, thời gian và địa điểm quảng cáo kèm theo bản sao giấy xác nhận nội dung quảng cáo, mẫu quảng cáo hoặc kịch bản quảng cáo đã được duyệt cho Sở Y tế nơi tổ chức quảng cáo để thanh tra, kiểm tra trong trường hợp cần thiết;
b) Trường hợp có thay đổi về địa điểm, thời gian tổ chức hội thảo, hội nghị, tổ chức sự kiện so với nội dung ghi trên giấy xác nhận nội dung quảng cáo, tổ chức, cá nhân có sản phẩm, hàng hóa, dịch vụ quảng cáo phải thông báo tới Sở Y tế địa phương.
Cách thức thực hiện:
|Hình thức nộp|Thời hạn giải quyết|Phí, lệ phí|Mô tả|
|--|--|--|-|
|Trực tiếp|10 Ngày làm việc|Lệ phí : 1.000.000 Đồng (Theo Thông tư số 03/2013/TT-BTC ngày 08/01/2013 quy định phí thẩm định kinh doanh thương mại có điều kiện; thẩm định tiêu chuẩn, điều kiện hành nghề y, dược; lệ phí cấp giấy phép xuất, nhập khẩu trang thiết bị y tế, dược phẩm; cấp chứng chỉ hành nghề y; cấp giấy phép hoạt động đối với cơ sở khám, chữa bệnh.)|10 ngày làm việc kể từ ngày nhận được hồ sơ đầy đủ, hợp lệ theo dấu tiếp nhận công văn đến của cơ quan tiếp nhận hồ sơ|
|Dịch vụ bưu chính|10 Ngày làm việc|Lệ phí : 1.000.000 Đồng (Theo Thông tư số 03/2013/TT-BTC ngày 08/01/2013 quy định phí thẩm định kinh doanh thương mại có điều kiện; thẩm định tiêu chuẩn, điều kiện hành nghề y, dược; lệ phí cấp giấy phép xuất, nhập khẩu trang thiết bị y tế, dược phẩm; cấp chứng chỉ hành nghề y; cấp giấy phép hoạt động đối với cơ sở khám, chữa bệnh.)|10 ngày làm việc kể từ ngày nhận được hồ sơ đầy đủ, hợp lệ theo dấu tiếp nhận công văn đến của cơ quan tiếp nhận hồ sơ|

Thành phần hồ sơ:

Bao gồm
- 01 Bản chính Văn bản đề nghị xác nhận nội dung quảng cáo theo quy định tại Phụ lục 01 ban hành kèm theo Thông tư 09/2015/TT-BYT; ([TT09_2015_TTBYT_Phu luc 01.doc](https://csdl.dichvucong.gov.vn/web/jsp/download_file.jsp?ma='3feab92e6ddfad07'))
- 01 Bản sao Giấy chứng nhận đăng ký kinh doanh của doanh nghiệp hoặc giấy phép thành lập văn phòng đại diện của thư­ơng nhân n­ước ngoài;
 Trường hợp đơn vị đề nghị xác nhận nội dung quảng cáo là đơn vị được ủy quyền thì phải có các giấy tờ sau đây:
- 01 Bản chính Giấy chứng nhận đăng ký kinh doanh hoặc Giấy phép thành lập Văn phòng đại diện của thư­ơng nhân n­ước ngoài của đơn vị được ủy quyền.
- 01 Bản chính Các tài liệu bằng tiếng nước ngoài không phải là tiếng Anh phải dịch ra tiếng Việt và kèm theo tài liệu gốc bằng tiếng nước ngoài. Bản dịch tiếng Việt phải được công chứng theo quy định của pháp luật.
- 01 Bản chính Các giấy tờ trong hồ sơ đề nghị xác nhận nội dung quảng cáo phải còn hiệu lực, là bản sao chứng thực hoặc bản sao có đóng dấu của đơn vị đề nghị xác nhận nội dung quảng cáo. Các tài liệu trong hồ sơ phải có dấu, dấu giáp lai của đơn vị đề nghị xác nhận nội dung quảng cáo;
- 01 Bản chính Mẫu nhãn sản phẩm hoặc mẫu nhãn sản phẩm đã đ­ược cơ quan y tế có thẩm quyền chấp thuận trong trường hợp pháp luật quy định nhãn sản phẩm phải được cơ quan y tế có thẩm quyền duyệt.
- 01 Bản chính Văn bản ủy quyền hợp lệ;
 Tài liệu tham khảo, chứng minh, xác thực thông tin trong nội dung quảng cáo:
- 01 Bản chính Các tài liệu bằng tiếng Anh phải dịch ra tiếng Việt kèm theo tài liệu gốc bằng tiếng Anh. Bản dịch tiếng Việt phải được đóng dấu xác nhận của đơn vị đề nghị xác nhận nội dung quảng cáo;
- 01 Bản chính Mẫu nội dung quảng cáo được trình bày trên khổ giấy A4. Mẫu hình thức quảng cáo ngoài trời khổ lớn có thể trình bày trên khổ giấy A3 hoặc khổ giấy khác và ghi rõ tỷ lệ kích thước so với kích thước thật.
- 01 Bản chính Giấy chứng nhận đăng ký lưu hành hóa chất, chế phẩm diệt côn trùng, diệt khuẩn
- 01 Bản chính Nếu quảng cáo trên báo nói, báo hình thì phải có 01 bản ghi nội dung quảng cáo dự kiến trong đĩa hình, đĩa âm thanh, file mềm kèm theo 03 bản kịch bản dự kiến quảng cáo, trong đó miêu tả rõ nội dung, phương tiện dự kiến quảng cáo, phần hình ảnh (đối với báo hình), phần lời, phần nhạc;
- 01 Bản chính Nếu quảng cáo trên các phương tiện quảng cáo không phải báo nói, báo hình thì phải có 03 bản ma-két nội dung dự kiến quảng cáo in mầu kèm theo file mềm ghi nội dung dự kiến quảng cáo;
- 01 Bản chính Nếu quảng cáo thông qua hội thảo, hội nghị, tổ chức sự kiện: Ngoài các tài liệu quy định tại điểm này phải có các tài liệu: mẫu quảng cáo sử dụng trong chương trình đã được cơ quan có thẩm quyền phê duyệt còn hiệu lực (trong trường hợp mẫu quảng cáo đã được duyệt nội dung), chương trình có ghi rõ tên nội dung báo cáo, thời gian (ngày/tháng/năm), địa điểm tổ chức (địa chỉ cụ thể); nội dung bài báo cáo và tài liệu trình bày, phát cho người dự; bảng kê tên, chức danh khoa học, trình độ chuyên môn của báo cáo viên

Đối tượng thực hiện:
Doanh nghiệp, Doanh nghiệp có vốn đầu tư nước ngoài, Tổ chức (không bao gồm doanh nghiệp, HTX), Hợp tác xã
Cơ quan thực hiện:
Cục Quản lý Môi trường Y tế - Bộ Y tế
Cơ quan có thẩm quyền:
Không có thông tin
Địa chỉ tiếp nhận HS:
Cục Quản lý Môi trường y tế
Cơ quan được ủy quyền:
Không có thông tin
Cơ quan phối hợp:
Không có thông tin
Kết quả thực hiện:
Giấy xác nhận nội dung quảng cáo
Căn cứ pháp lý:
|Số ký hiệu|Trích yếu|Ngày ban hành|Cơ quan ban hành|
|--|--|--|-|
|03/2013/TT-BTC|Thông tư 03/2013/TT-BTC - Quy định phí thẩm định kinh doanh thương mại có điều kiện; thẩm định tiêu chuẩn, điều kiện hành nghề y, dược; lệ phí cấp giấy phép xuất, nhập khẩu trang thiết bị y tế, dược phẩm; cấp chứng chỉ hành nghề y; cấp giấy phép hoạt động đối với cơ sở khám, chữa bệnh|08-01-2013|Bộ Tài chính|
|16/2012/QH13|Luật 16/2012/QH13-Quảng cáo|21-06-2012|Quốc Hội|
|09/2015/TT-BYT|Thông tư 09/2015/TT-BYT - Quy định về xác nhận nội dung quảng cáo đối với sản phẩm, hàng hóa, dịch vụ đặc biệt thuộc lĩnh vực quản lý của Bộ Y tế|25-05-2015|Bộ Y tế|
|181/2013/NĐ-CP|Nghị định 181/2013/NĐ-CP - Quy định chi tiết thi hành một số điều của Luật Quảng Cáo|14-11-2013|Chính phủ|
|06/2007/QH12|Luật 06/2007/QH12 - Hóa chất|21-11-2007|Quốc Hội|

Yêu cầu, điều kiện thực hiện:
Điều 4. Thông tư số 09/2015/TT-BYT: Điều kiện chung để xác nhận nội dung quảng cáo
1. Nội dung quảng cáo phải bảo đảm đúng các quy định của pháp luật về quảng cáo, không có hành vi bị cấm quy định tại Điều 8 của Luật quảng cáo.
2. Tiếng nói, chữ viết, hình ảnh trong quảng cáo phải bảo đảm ngắn gọn, thông dụng, đúng quy định tại Điều 18 của Luật quảng cáo. Cỡ chữ nhỏ nhất trong nội dung quảng cáo phải bảo đảm tỷ lệ đủ lớn để có thể đọc được trong điều kiện bình thường và không được nhỏ hơn tỷ lệ tương đương cỡ chữ Vntime hoặc Times New Roman 12 trên khổ giấy A4.
Điều 8. Thông tư số 09/2015/TT-BYT: Điều kiện xác nhận nội dung quảng cáo hóa chất, chế phẩm diệt côn trùng, diệt khuẩn dùng trong lĩnh vực gia dụng và y tế
1. Phải đủ điều kiện quảng cáo quy định tại Điểm c Khoản 4 Điều 20 của Luật quảng cáo.
2. Nội dung quảng cáo phải theo đúng quy định tại Điều 6 Nghị định số 181/2013/NĐ-CP.
3. Có đủ hồ sơ theo quy định tại Điều 17 Thông tư này.
4. Đơn vị đề nghị xác nhận nội dung quảng cáo là đơn vị đứng tên trên giấy chứng nhận đăng ký lưu hành sản phẩm hoặc đơn vị có tư cách pháp nhân được đơn vị đứng tên trên giấy chứng nhận đăng ký lưu hành sản phẩm ủy quyền bằng văn bản.
Điều 4. Thông tư số 09/2015/TT-BYT: Điều kiện chung để xác nhận nội dung quảng cáo
1. Nội dung quảng cáo phải bảo đảm đúng các quy định của pháp luật về quảng cáo, không có hành vi bị cấm quy định tại Điều 8 của Luật quảng cáo.
2. Tiếng nói, chữ viết, hình ảnh trong quảng cáo phải bảo đảm ngắn gọn, thông dụng, đúng quy định tại Điều 18 của Luật quảng cáo. Cỡ chữ nhỏ nhất trong nội dung quảng cáo phải bảo đảm tỷ lệ đủ lớn để có thể đọc được trong điều kiện bình thường và không được nhỏ hơn tỷ lệ tương đương cỡ chữ Vntime hoặc Times New Roman 12 trên khổ giấy A4.
Điều 8. Thông tư số 09/2015/TT-BYT: Điều kiện xác nhận nội dung quảng cáo hóa chất, chế phẩm diệt côn trùng, diệt khuẩn dùng trong lĩnh vực gia dụng và y tế
1. Phải đủ điều kiện quảng cáo quy định tại Điểm c Khoản 4 Điều 20 của Luật quảng cáo.
2. Nội dung quảng cáo phải theo đúng quy định tại Điều 6 Nghị định số 181/2013/NĐ-CP.
3. Có đủ hồ sơ theo quy định tại Điều 17 Thông tư này.
4. Đơn vị đề nghị xác nhận nội dung quảng cáo là đơn vị đứng tên trên giấy chứng nhận đăng ký lưu hành sản phẩm hoặc đơn vị có tư cách pháp nhân được đơn vị đứng tên trên giấy chứng nhận đăng ký lưu hành sản phẩm ủy quyền bằng văn bản.
Từ khóa:
Không có thông tin
Mô tả:
Không có thông tin
","Trong thủ tục Cấp giấy xác nhận nội dung quảng cáo hóa chất, chế phẩm diệt côn trùng, diệt khuẩn dùng trong lĩnh vực gia dụng và y tế, nếu có thay đổi về địa điểm, thời gian tổ chức hội thảo, hội nghị, tổ chức sự kiện so với nội dung ghi trên giấy xác nhận nội dung quảng cáo, thì tổ chức, cá nhân có sản phẩm, hàng hóa, dịch vụ quảng cáo phải thông báo cho ai?","['Trường hợp có thay đổi về địa điểm, thời gian tổ chức hội thảo, hội nghị, tổ chức sự kiện so với nội dung ghi trên giấy xác nhận nội dung quảng cáo, tổ chức, cá nhân có sản phẩm, hàng hóa, dịch vụ quảng cáo phải thông báo tới Sở Y tế địa phương.', '\nTrong thủ tục Cấp giấy xác nhận nội dung quảng cáo hóa chất, chế phẩm diệt côn trùng, diệt khuẩn dùng trong lĩnh vực gia dụng và y tế, nếu có thay đổi về địa điểm, thời gian tổ chức hội thảo, hội nghị, tổ chức sự kiện so với nội dung ghi trên giấy xác nhận nội dung quảng cáo, thì tổ chức, cá nhân có sản phẩm, hàng hóa, dịch vụ quảng cáo phải thông báo tới Sở Y tế địa phương. ', 'Sở Y tế nơi tổ chức quảng cáo']"
